longname,"Agriculture, forestry, fishing and hunting %","Agriculture, forestry, fishing and hunting % [StatCan]","Mining, quarrying, and oil and gas extraction %","Mining, quarrying, and oil and gas extraction % [StatCan]",Accommodation and food services %,Accommodation and food services % [StatCan],"Arts, entertainment, and recreation %","Arts, entertainment, and recreation % [StatCan]",Construction %,Construction % [StatCan],Educational services %,Educational services % [StatCan],Health care and social assistance %,Health care and social assistance % [StatCan],Finance and insurance %,Finance and insurance % [StatCan],Real estate and rental and leasing %,Real estate and rental and leasing % [StatCan],Information %,Information % [StatCan],Manufacturing %,Manufacturing % [StatCan],"Other services, except public administration %","Other services, except public administration % [StatCan]",Administrative and support and waste management services %,Administrative and support and waste management services % [StatCan],Management of companies and enterprises %,Management of companies and enterprises % [StatCan],"Professional, scientific, and technical services %","Professional, scientific, and technical services % [StatCan]",Public administration %,Public administration % [StatCan],Retail trade %,Retail trade % [StatCan],Transportation and warehousing %,Transportation and warehousing % [StatCan],Utilities %,Utilities % [StatCan],Wholesale trade %,Wholesale trade % [StatCan]
"Port Louis 10MPC, USA-Mauritius-Brazil",,,,,,,,,,,,,,,,,,,,,,,,,,,,,,,,,,,,,,,,
"Dalian (Outer) 10MPC, China",,,,,,,,,,,,,,,,,,,,,,,,,,,,,,,,,,,,,,,,
"Perth 10MPC, Australia-Russia-Japan",,,,,,,,,,,,,,,,,,,,,,,,,,,,,,,,,,,,,,,,
"Río Piedras [San Juan] 10MPC, USA-Brazil-Canada",,,,,,,,,,,,,,,,,,,,,,,,,,,,,,,,,,,,,,,,
"Alappuzha 10MPC, India-Sri Lanka-Indonesia",,,,,,,,,,,,,,,,,,,,,,,,,,,,,,,,,,,,,,,,
"Chŏngjin 10MPC, Japan-China-North Korea",,,,,,,,,,,,,,,,,,,,,,,,,,,,,,,,,,,,,,,,
"Benghazi 10MPC, Libya-Sudan-Liberia",,,,,,,,,,,,,,,,,,,,,,,,,,,,,,,,,,,,,,,,
"Salta 10MPC, Argentina-Chile-Brazil",,,,,,,,,,,,,,,,,,,,,,,,,,,,,,,,,,,,,,,,
"Kandahar 10MPC, Afghanistan-Iran-China",,,,,,,,,,,,,,,,,,,,,,,,,,,,,,,,,,,,,,,,
"Oujda 10MPC, Morocco-Algeria-Spain",,,,,,,,,,,,,,,,,,,,,,,,,,,,,,,,,,,,,,,,
"Valencia 10MPC, France-Spain",,,,,,,,,,,,,,,,,,,,,,,,,,,,,,,,,,,,,,,,
"Kaohsiung 10MPC, China",,,,,,,,,,,,,,,,,,,,,,,,,,,,,,,,,,,,,,,,
"Rourkela 10MPC, India",,,,,,,,,,,,,,,,,,,,,,,,,,,,,,,,,,,,,,,,
"Jaipur (Outer) 10MPC, India-Bangladesh-China",,,,,,,,,,,,,,,,,,,,,,,,,,,,,,,,,,,,,,,,
"Antalya 10MPC, Turkey",,,,,,,,,,,,,,,,,,,,,,,,,,,,,,,,,,,,,,,,
"惠阳区 10MPC, Philippines-China",,,,,,,,,,,,,,,,,,,,,,,,,,,,,,,,,,,,,,,,
"Warri 10MPC, Nigeria-Cameroon-Equatorial Guinea",,,,,,,,,,,,,,,,,,,,,,,,,,,,,,,,,,,,,,,,
"Timika 10MPC, Indonesia-Philippines",,,,,,,,,,,,,,,,,,,,,,,,,,,,,,,,,,,,,,,,
"Adama 10MPC, Ethiopia",,,,,,,,,,,,,,,,,,,,,,,,,,,,,,,,,,,,,,,,
"Port Said 10MPC, Egypt",,,,,,,,,,,,,,,,,,,,,,,,,,,,,,,,,,,,,,,,
"Asansol (Outer) 10MPC, India",,,,,,,,,,,,,,,,,,,,,,,,,,,,,,,,,,,,,,,,
"Mudanjiang 10MPC, China-North Korea",,,,,,,,,,,,,,,,,,,,,,,,,,,,,,,,,,,,,,,,
"Binzhou 10MPC, China",,,,,,,,,,,,,,,,,,,,,,,,,,,,,,,,,,,,,,,,
"Zhoushan 10MPC, China",,,,,,,,,,,,,,,,,,,,,,,,,,,,,,,,,,,,,,,,
"Zagreb 10MPC, Germany-Czech Republic-Austria",,,,,,,,,,,,,,,,,,,,,,,,,,,,,,,,,,,,,,,,
"Ambala 10MPC, India",,,,,,,,,,,,,,,,,,,,,,,,,,,,,,,,,,,,,,,,
"Dandong 10MPC, North Korea-China",,,,,,,,,,,,,,,,,,,,,,,,,,,,,,,,,,,,,,,,
"Daejeon 10MPC, South Korea",,,,,,,,,,,,,,,,,,,,,,,,,,,,,,,,,,,,,,,,
"Rizhao 10MPC, China",,,,,,,,,,,,,,,,,,,,,,,,,,,,,,,,,,,,,,,,
"Puebla 10MPC, Mexico",,,,,,,,,,,,,,,,,,,,,,,,,,,,,,,,,,,,,,,,
"Padang 10MPC, Indonesia-Malaysia",,,,,,,,,,,,,,,,,,,,,,,,,,,,,,,,,,,,,,,,
"Solapur 10MPC, India",,,,,,,,,,,,,,,,,,,,,,,,,,,,,,,,,,,,,,,,
"Siem Reap 10MPC, Thailand-Cambodia",,,,,,,,,,,,,,,,,,,,,,,,,,,,,,,,,,,,,,,,
"Brazzaville (Outer) 10MPC, Democratic Republic of the Congo-Central African Republic-Congo",,,,,,,,,,,,,,,,,,,,,,,,,,,,,,,,,,,,,,,,
"Edmonton 10MPC, Canada-USA-Mexico",,,,,,,,,,,,,,,,,,,,,,,,,,,,,,,,,,,,,,,,
"Dhaka (Further Periphery) 10MPC, Bangladesh-India",,,,,,,,,,,,,,,,,,,,,,,,,,,,,,,,,,,,,,,,
"Shangqiu 10MPC, China",,,,,,,,,,,,,,,,,,,,,,,,,,,,,,,,,,,,,,,,
"Athens (Outer) 10MPC, Greece-Turkey-Romania",,,,,,,,,,,,,,,,,,,,,,,,,,,,,,,,,,,,,,,,
"Chennai 10MPC, India",,,,,,,,,,,,,,,,,,,,,,,,,,,,,,,,,,,,,,,,
"Bengaluru (Outer) 10MPC, India",,,,,,,,,,,,,,,,,,,,,,,,,,,,,,,,,,,,,,,,
"Chhapra 10MPC, Nepal-India",,,,,,,,,,,,,,,,,,,,,,,,,,,,,,,,,,,,,,,,
"New York (Center) 10MPC, USA",0.0009172093652935599,,0.00015080531221097293,,0.06933992586503719,,0.026936441019152796,,0.05305927665867986,,0.09223288379183778,,0.16998264777596356,,0.0654334950606477,,0.028015715882905193,,0.03739220264151359,,0.04235262815620596,,0.05084022171047196,,0.0416164861832421,,0.0013124587631530226,,0.10308953348119032,,0.036796904447985786,,0.09123021803926828,,0.06347535573693251,,0.0036096858301124537,,0.022215904278195548,
"Kolkata (Outer South) 10MPC, India",,,,,,,,,,,,,,,,,,,,,,,,,,,,,,,,,,,,,,,,
"Portsmouth 10MPC, United Kingdom",,,,,,,,,,,,,,,,,,,,,,,,,,,,,,,,,,,,,,,,
"Quelimane 10MPC, Mozambique-Malawi",,,,,,,,,,,,,,,,,,,,,,,,,,,,,,,,,,,,,,,,
"Barcelona 10MPC, Venezuela-Trinidad and Tobago",,,,,,,,,,,,,,,,,,,,,,,,,,,,,,,,,,,,,,,,
"Vung Tau 10MPC, Vietnam-Cambodia",,,,,,,,,,,,,,,,,,,,,,,,,,,,,,,,,,,,,,,,
"Managua 10MPC, Nicaragua-Honduras-El Salvador",,,,,,,,,,,,,,,,,,,,,,,,,,,,,,,,,,,,,,,,
"Quito 10MPC, Ecuador-Colombia-Panama",,,,,,,,,,,,,,,,,,,,,,,,,,,,,,,,,,,,,,,,
"Quezon City [Manila] (Outer) 10MPC, Philippines",,,,,,,,,,,,,,,,,,,,,,,,,,,,,,,,,,,,,,,,
"Zurich 10MPC, Germany-Switzerland-France",,,,,,,,,,,,,,,,,,,,,,,,,,,,,,,,,,,,,,,,
"Kolkata (Outer North) 10MPC, India",,,,,,,,,,,,,,,,,,,,,,,,,,,,,,,,,,,,,,,,
"Cebu City (Outer) 10MPC, Philippines",,,,,,,,,,,,,,,,,,,,,,,,,,,,,,,,,,,,,,,,
"Dhaka (Center) 10MPC, Bangladesh",,,,,,,,,,,,,,,,,,,,,,,,,,,,,,,,,,,,,,,,
"Chattogram 10MPC, Bangladesh",,,,,,,,,,,,,,,,,,,,,,,,,,,,,,,,,,,,,,,,
"Nantong 10MPC, China",,,,,,,,,,,,,,,,,,,,,,,,,,,,,,,,,,,,,,,,
"San Jose 10MPC, USA",0.010466793696451513,,0.0005941074552136569,,0.0657033659243711,,0.020549476278549337,,0.06132793956667569,,0.08516973884194816,,0.12605130355658248,,0.04145983363608534,,0.020300755398456227,,0.03493669021415581,,0.09135244298782827,,0.04499883198412124,,0.0435183201696604,,0.001643828726693987,,0.1327009149862927,,0.0480601267526983,,0.09564247902301827,,0.046821143903241984,,0.007469407773867231,,0.02123249912408811,
"Kinshasa 10MPC, Democratic Republic of the Congo",,,,,,,,,,,,,,,,,,,,,,,,,,,,,,,,,,,,,,,,
"São Paulo (Outer) 10MPC, Brazil",,,,,,,,,,,,,,,,,,,,,,,,,,,,,,,,,,,,,,,,
"Dhaka (Periphery) 10MPC, Bangladesh",,,,,,,,,,,,,,,,,,,,,,,,,,,,,,,,,,,,,,,,
"Huangshi 10MPC, China",,,,,,,,,,,,,,,,,,,,,,,,,,,,,,,,,,,,,,,,
"Lima 10MPC, Peru",,,,,,,,,,,,,,,,,,,,,,,,,,,,,,,,,,,,,,,,
"Genoa 10MPC, Italy",,,,,,,,,,,,,,,,,,,,,,,,,,,,,,,,,,,,,,,,
"Dhaka (Outer South) 10MPC, Bangladesh",,,,,,,,,,,,,,,,,,,,,,,,,,,,,,,,,,,,,,,,
"Kalemie 10MPC, Tanzania-Democratic Republic of the Congo",,,,,,,,,,,,,,,,,,,,,,,,,,,,,,,,,,,,,,,,
"Zhuhai 10MPC, China",,,,,,,,,,,,,,,,,,,,,,,,,,,,,,,,,,,,,,,,
"Kupang 10MPC, Indonesia-East Timor",,,,,,,,,,,,,,,,,,,,,,,,,,,,,,,,,,,,,,,,
"Saratov 10MPC, Russia",,,,,,,,,,,,,,,,,,,,,,,,,,,,,,,,,,,,,,,,
"Delhi [New Delhi] (Further Periphery) 10MPC, India",,,,,,,,,,,,,,,,,,,,,,,,,,,,,,,,,,,,,,,,
"Maceió 10MPC, Brazil",,,,,,,,,,,,,,,,,,,,,,,,,,,,,,,,,,,,,,,,
"Trujillo 10MPC, Peru",,,,,,,,,,,,,,,,,,,,,,,,,,,,,,,,,,,,,,,,
"Zinder 10MPC, Nigeria-Niger",,,,,,,,,,,,,,,,,,,,,,,,,,,,,,,,,,,,,,,,
"Tyumen 10MPC, Russia",,,,,,,,,,,,,,,,,,,,,,,,,,,,,,,,,,,,,,,,
"Tianshui 10MPC, China",,,,,,,,,,,,,,,,,,,,,,,,,,,,,,,,,,,,,,,,
"Hyderabad 10MPC, India",,,,,,,,,,,,,,,,,,,,,,,,,,,,,,,,,,,,,,,,
"Zunyi 10MPC, China",,,,,,,,,,,,,,,,,,,,,,,,,,,,,,,,,,,,,,,,
"Ngaoundéré 10MPC, Chad-Cameroon-Central African Republic",,,,,,,,,,,,,,,,,,,,,,,,,,,,,,,,,,,,,,,,
"Kerman 10MPC, Iran",,,,,,,,,,,,,,,,,,,,,,,,,,,,,,,,,,,,,,,,
"Bulawayo 10MPC, Mozambique-Zimbabwe-South Africa",,,,,,,,,,,,,,,,,,,,,,,,,,,,,,,,,,,,,,,,
"Santiago 10MPC, Chile",,,,,,,,,,,,,,,,,,,,,,,,,,,,,,,,,,,,,,,,
"Faiyum 10MPC, Egypt",,,,,,,,,,,,,,,,,,,,,,,,,,,,,,,,,,,,,,,,
"Dessie 10MPC, Ethiopia",,,,,,,,,,,,,,,,,,,,,,,,,,,,,,,,,,,,,,,,
"Split 10MPC, Germany-Switzerland-Croatia",,,,,,,,,,,,,,,,,,,,,,,,,,,,,,,,,,,,,,,,
"Querétaro 10MPC, Mexico",,,,,,,,,,,,,,,,,,,,,,,,,,,,,,,,,,,,,,,,
"Mysuru 10MPC, India",,,,,,,,,,,,,,,,,,,,,,,,,,,,,,,,,,,,,,,,
"Lagos 10MPC, Nigeria",,,,,,,,,,,,,,,,,,,,,,,,,,,,,,,,,,,,,,,,
"Rawalpindi [Islamabad] (Outer) 10MPC, Pakistan",,,,,,,,,,,,,,,,,,,,,,,,,,,,,,,,,,,,,,,,
"Ganzhou 10MPC, China",,,,,,,,,,,,,,,,,,,,,,,,,,,,,,,,,,,,,,,,
"Bosaso 10MPC, Somalia-Yemen-Ethiopia",,,,,,,,,,,,,,,,,,,,,,,,,,,,,,,,,,,,,,,,
"Sirsa 10MPC, India-Pakistan",,,,,,,,,,,,,,,,,,,,,,,,,,,,,,,,,,,,,,,,
"Pretoria 10MPC, South Africa",,,,,,,,,,,,,,,,,,,,,,,,,,,,,,,,,,,,,,,,
"Tongling 10MPC, China",,,,,,,,,,,,,,,,,,,,,,,,,,,,,,,,,,,,,,,,
"Veracruz 10MPC, Mexico",,,,,,,,,,,,,,,,,,,,,,,,,,,,,,,,,,,,,,,,
"Bloemfontein 10MPC, South Africa-Lesotho",,,,,,,,,,,,,,,,,,,,,,,,,,,,,,,,,,,,,,,,
"Baghdad 10MPC, Iraq",,,,,,,,,,,,,,,,,,,,,,,,,,,,,,,,,,,,,,,,
"Mashhad 10MPC, Iran-Turkmenistan",,,,,,,,,,,,,,,,,,,,,,,,,,,,,,,,,,,,,,,,
"Stockholm 10MPC, Sweden-Norway",,,,,,,,,,,,,,,,,,,,,,,,,,,,,,,,,,,,,,,,
"Lahore (Center) 10MPC, Pakistan",,,,,,,,,,,,,,,,,,,,,,,,,,,,,,,,,,,,,,,,
"Kamina 10MPC, Democratic Republic of the Congo",,,,,,,,,,,,,,,,,,,,,,,,,,,,,,,,,,,,,,,,
"Luanda 10MPC, Angola",,,,,,,,,,,,,,,,,,,,,,,,,,,,,,,,,,,,,,,,
"Mahajanga 10MPC, Madagascar",,,,,,,,,,,,,,,,,,,,,,,,,,,,,,,,,,,,,,,,
"Fez 10MPC, Morocco",,,,,,,,,,,,,,,,,,,,,,,,,,,,,,,,,,,,,,,,
"Singapore 10MPC, Singapore-Malaysia-Indonesia",,,,,,,,,,,,,,,,,,,,,,,,,,,,,,,,,,,,,,,,
"Naples 10MPC, Italy",,,,,,,,,,,,,,,,,,,,,,,,,,,,,,,,,,,,,,,,
"Milan 10MPC, Italy",,,,,,,,,,,,,,,,,,,,,,,,,,,,,,,,,,,,,,,,
"Plovdiv 10MPC, Bulgaria-Romania-Turkey",,,,,,,,,,,,,,,,,,,,,,,,,,,,,,,,,,,,,,,,
"Lahore (Outer) 10MPC, Pakistan",,,,,,,,,,,,,,,,,,,,,,,,,,,,,,,,,,,,,,,,
"রামু Ramu 10MPC, Bangladesh-India-Myanmar",,,,,,,,,,,,,,,,,,,,,,,,,,,,,,,,,,,,,,,,
"Boston 10MPC, USA",0.0044938413032540835,,0.0005255115133230964,,0.06116789501179588,,0.020608305888186098,,0.05922885130114826,,0.11563802609934863,,0.15819676777237296,,0.05498033768178085,,0.016249857300265614,,0.02052987707983441,,0.09798514323540226,,0.042870512679350575,,0.03620121669253112,,0.0015233556969301166,,0.10058562491488228,,0.04360150306451259,,0.10448478294722541,,0.033367012325083704,,0.006969128824573056,,0.020792448668199102,
"Paris 10MPC, France",,,,,,,,,,,,,,,,,,,,,,,,,,,,,,,,,,,,,,,,
"Berlin 10MPC, Germany",,,,,,,,,,,,,,,,,,,,,,,,,,,,,,,,,,,,,,,,
"Katowice 10MPC, Poland-Czech Republic",,,,,,,,,,,,,,,,,,,,,,,,,,,,,,,,,,,,,,,,
"New Taipei [Taipei] 10MPC, China",,,,,,,,,,,,,,,,,,,,,,,,,,,,,,,,,,,,,,,,
"Ciudad Juárez 10MPC, Mexico-USA",,,,,,,,,,,,,,,,,,,,,,,,,,,,,,,,,,,,,,,,
"Buenos Aires (Center) 10MPC, Argentina",,,,,,,,,,,,,,,,,,,,,,,,,,,,,,,,,,,,,,,,
"Bobo-Dioulasso 10MPC, Burkina Faso-Ivory Coast-Mali",,,,,,,,,,,,,,,,,,,,,,,,,,,,,,,,,,,,,,,,
"Istanbul (Center) 10MPC, Turkey",,,,,,,,,,,,,,,,,,,,,,,,,,,,,,,,,,,,,,,,
"Beijing (Outer) 10MPC, China",,,,,,,,,,,,,,,,,,,,,,,,,,,,,,,,,,,,,,,,
"Zakho 10MPC, Iraq-Turkey-Iran",,,,,,,,,,,,,,,,,,,,,,,,,,,,,,,,,,,,,,,,
"Lubumbashi 10MPC, Democratic Republic of the Congo-Zambia",,,,,,,,,,,,,,,,,,,,,,,,,,,,,,,,,,,,,,,,
"Dublin 10MPC, United Kingdom-Ireland-France",,,,,,,,,,,,,,,,,,,,,,,,,,,,,,,,,,,,,,,,
"Belo Horizonte 10MPC, Brazil",,,,,,,,,,,,,,,,,,,,,,,,,,,,,,,,,,,,,,,,
"Surat 10MPC, India",,,,,,,,,,,,,,,,,,,,,,,,,,,,,,,,,,,,,,,,
"Bogota 10MPC, Colombia",,,,,,,,,,,,,,,,,,,,,,,,,,,,,,,,,,,,,,,,
"Hong Kong 10MPC, China",,,,,,,,,,,,,,,,,,,,,,,,,,,,,,,,,,,,,,,,
"London 10MPC, United Kingdom",,,,,,,,,,,,,,,,,,,,,,,,,,,,,,,,,,,,,,,,
"Juba 10MPC, South Sudan-Ethiopia-Sudan",,,,,,,,,,,,,,,,,,,,,,,,,,,,,,,,,,,,,,,,
"Delhi [New Delhi] (Even Further Periphery) 10MPC, India",,,,,,,,,,,,,,,,,,,,,,,,,,,,,,,,,,,,,,,,
"Xi'an 10MPC, China",,,,,,,,,,,,,,,,,,,,,,,,,,,,,,,,,,,,,,,,
"Brest 10MPC, Poland-Belarus-Ukraine",,,,,,,,,,,,,,,,,,,,,,,,,,,,,,,,,,,,,,,,
"Shanghai (Center) 10MPC, China",,,,,,,,,,,,,,,,,,,,,,,,,,,,,,,,,,,,,,,,
"Free Area 10MPC, Kenya",,,,,,,,,,,,,,,,,,,,,,,,,,,,,,,,,,,,,,,,
"Jakarta (Periphery East) 10MPC, Indonesia",,,,,,,,,,,,,,,,,,,,,,,,,,,,,,,,,,,,,,,,
"Suzhou (Jiangsu Sheng) (Center) 10MPC, China",,,,,,,,,,,,,,,,,,,,,,,,,,,,,,,,,,,,,,,,
"Faizabad 10MPC, India",,,,,,,,,,,,,,,,,,,,,,,,,,,,,,,,,,,,,,,,
"Haikou 10MPC, China",,,,,,,,,,,,,,,,,,,,,,,,,,,,,,,,,,,,,,,,
"Cuddalore 10MPC, India",,,,,,,,,,,,,,,,,,,,,,,,,,,,,,,,,,,,,,,,
"Busan 10MPC, South Korea",,,,,,,,,,,,,,,,,,,,,,,,,,,,,,,,,,,,,,,,
"Damascus 10MPC, Syria-Lebanon-Israel",,,,,,,,,,,,,,,,,,,,,,,,,,,,,,,,,,,,,,,,
"Ibadan 10MPC, Nigeria",,,,,,,,,,,,,,,,,,,,,,,,,,,,,,,,,,,,,,,,
"Barcelona 10MPC, Spain-France",,,,,,,,,,,,,,,,,,,,,,,,,,,,,,,,,,,,,,,,
"Yichun 10MPC, China",,,,,,,,,,,,,,,,,,,,,,,,,,,,,,,,,,,,,,,,
"Salvador 10MPC, Brazil",,,,,,,,,,,,,,,,,,,,,,,,,,,,,,,,,,,,,,,,
"Takoradi [Sekondi-Takoradi] 10MPC, Ghana-Ivory Coast",,,,,,,,,,,,,,,,,,,,,,,,,,,,,,,,,,,,,,,,
"Makurdi 10MPC, Nigeria",,,,,,,,,,,,,,,,,,,,,,,,,,,,,,,,,,,,,,,,
"Thanh Hóa 10MPC, Vietnam",,,,,,,,,,,,,,,,,,,,,,,,,,,,,,,,,,,,,,,,
"Arequipa 10MPC, Peru-Bolivia-Chile",,,,,,,,,,,,,,,,,,,,,,,,,,,,,,,,,,,,,,,,
"Cairo (Outer) 10MPC, Egypt",,,,,,,,,,,,,,,,,,,,,,,,,,,,,,,,,,,,,,,,
"Seoul (Center) 10MPC, South Korea",,,,,,,,,,,,,,,,,,,,,,,,,,,,,,,,,,,,,,,,
"Bangkok (Outer) 10MPC, Thailand",,,,,,,,,,,,,,,,,,,,,,,,,,,,,,,,,,,,,,,,
"Tiruchirappalli 10MPC, India",,,,,,,,,,,,,,,,,,,,,,,,,,,,,,,,,,,,,,,,
"Osaka [Kyoto] (Center) 10MPC, Japan",,,,,,,,,,,,,,,,,,,,,,,,,,,,,,,,,,,,,,,,
"Ho Chi Minh City (Center) 10MPC, Vietnam",,,,,,,,,,,,,,,,,,,,,,,,,,,,,,,,,,,,,,,,
"Comilla (South) 10MPC, Bangladesh",,,,,,,,,,,,,,,,,,,,,,,,,,,,,,,,,,,,,,,,
"Qinhuangdao 10MPC, China",,,,,,,,,,,,,,,,,,,,,,,,,,,,,,,,,,,,,,,,
"Zhengzhou (Outer) 10MPC, China",,,,,,,,,,,,,,,,,,,,,,,,,,,,,,,,,,,,,,,,
"Riyadh (Outer) 10MPC, Saudi Arabia-Sudan-United Arab Emirates",,,,,,,,,,,,,,,,,,,,,,,,,,,,,,,,,,,,,,,,
"Kochi 10MPC, India",,,,,,,,,,,,,,,,,,,,,,,,,,,,,,,,,,,,,,,,
"Gujranwala 10MPC, Pakistan",,,,,,,,,,,,,,,,,,,,,,,,,,,,,,,,,,,,,,,,
"Port-au-Prince 10MPC, Haiti",,,,,,,,,,,,,,,,,,,,,,,,,,,,,,,,,,,,,,,,
"Surabaya (West) 10MPC, Indonesia",,,,,,,,,,,,,,,,,,,,,,,,,,,,,,,,,,,,,,,,
"Casablanca 10MPC, Morocco",,,,,,,,,,,,,,,,,,,,,,,,,,,,,,,,,,,,,,,,
"Changchun 10MPC, China",,,,,,,,,,,,,,,,,,,,,,,,,,,,,,,,,,,,,,,,
"Recife 10MPC, Brazil",,,,,,,,,,,,,,,,,,,,,,,,,,,,,,,,,,,,,,,,
"Dortmund 10MPC, Germany",,,,,,,,,,,,,,,,,,,,,,,,,,,,,,,,,,,,,,,,
"Kuala Lumpur 10MPC, Malaysia",,,,,,,,,,,,,,,,,,,,,,,,,,,,,,,,,,,,,,,,
"Tijuana 10MPC, USA-Mexico",,,,,,,,,,,,,,,,,,,,,,,,,,,,,,,,,,,,,,,,
"Prague 10MPC, Czech Republic-Poland",,,,,,,,,,,,,,,,,,,,,,,,,,,,,,,,,,,,,,,,
"Dibrugarh 10MPC, India",,,,,,,,,,,,,,,,,,,,,,,,,,,,,,,,,,,,,,,,
"Fancheng 10MPC, China",,,,,,,,,,,,,,,,,,,,,,,,,,,,,,,,,,,,,,,,
"Uyo 10MPC, Nigeria-Cameroon",,,,,,,,,,,,,,,,,,,,,,,,,,,,,,,,,,,,,,,,
"Bonn 10MPC, Germany-Netherlands-Belgium",,,,,,,,,,,,,,,,,,,,,,,,,,,,,,,,,,,,,,,,
"Nanchang (Northern Jiangxi Sheng) 10MPC, China",,,,,,,,,,,,,,,,,,,,,,,,,,,,,,,,,,,,,,,,
"Bangkok (Center) 10MPC, Thailand",,,,,,,,,,,,,,,,,,,,,,,,,,,,,,,,,,,,,,,,
"Ningbo 10MPC, China",,,,,,,,,,,,,,,,,,,,,,,,,,,,,,,,,,,,,,,,
"Pyongyang 10MPC, North Korea",,,,,,,,,,,,,,,,,,,,,,,,,,,,,,,,,,,,,,,,
"Chongqing 10MPC, China",,,,,,,,,,,,,,,,,,,,,,,,,,,,,,,,,,,,,,,,
"Conakry 10MPC, Sierra Leone-Guinea",,,,,,,,,,,,,,,,,,,,,,,,,,,,,,,,,,,,,,,,
"Wuhan 10MPC, China",,,,,,,,,,,,,,,,,,,,,,,,,,,,,,,,,,,,,,,,
"Ahmedabad 10MPC, India",,,,,,,,,,,,,,,,,,,,,,,,,,,,,,,,,,,,,,,,
"Yangon 10MPC, Myanmar",,,,,,,,,,,,,,,,,,,,,,,,,,,,,,,,,,,,,,,,
"Philadelphia 10MPC, USA",0.002571683278643189,,0.0004674243282965053,,0.05275573597985985,,0.019511535732507558,,0.05497620453907141,,0.10641110265244136,,0.15598025848587482,,0.0644109239968834,,0.018266052379860696,,0.02354899446187418,,0.0872813978817545,,0.04254831193343833,,0.039288889468077993,,0.0018229375190461463,,0.09537784642967953,,0.04352496704667576,,0.10320431429184952,,0.05230056872427279,,0.007419083867251347,,0.028331767002641353,
"Tel Aviv 10MPC, Israel-Jordan-State of Palestine",,,,,,,,,,,,,,,,,,,,,,,,,,,,,,,,,,,,,,,,
"Rotterdam [The Hague] 10MPC, Netherlands",,,,,,,,,,,,,,,,,,,,,,,,,,,,,,,,,,,,,,,,
"Isfahan 10MPC, Iran",,,,,,,,,,,,,,,,,,,,,,,,,,,,,,,,,,,,,,,,
"Kisumu 10MPC, Kenya-Uganda",,,,,,,,,,,,,,,,,,,,,,,,,,,,,,,,,,,,,,,,
"Faisalabad 10MPC, Pakistan",,,,,,,,,,,,,,,,,,,,,,,,,,,,,,,,,,,,,,,,
"Ouagadougou 10MPC, Burkina Faso",,,,,,,,,,,,,,,,,,,,,,,,,,,,,,,,,,,,,,,,
"Dallas 10MPC, USA",0.0048631621195583665,,0.011018133055212879,,0.07011868382999677,,0.017946523398148086,,0.07955070209213237,,0.08501947336172856,,0.11692819645158406,,0.06266483017679397,,0.021715200763559112,,0.019772101506461418,,0.0879883149797775,,0.04978494532471573,,0.04372417273409617,,0.0020777659076416433,,0.08108406157233387,,0.037919303173110805,,0.11288359870930648,,0.05894794835292374,,0.007073551126062112,,0.028919331364856516,
"Quzhou (Zhejiang Sheng) 10MPC, China",,,,,,,,,,,,,,,,,,,,,,,,,,,,,,,,,,,,,,,,
"Ratnagiri 10MPC, India",,,,,,,,,,,,,,,,,,,,,,,,,,,,,,,,,,,,,,,,
"Miami 10MPC, USA-Cuba",,,,,,,,,,,,,,,,,,,,,,,,,,,,,,,,,,,,,,,,
"Rio de Janeiro (Center) 10MPC, Brazil",,,,,,,,,,,,,,,,,,,,,,,,,,,,,,,,,,,,,,,,
"Fuzhou (Fujian Sheng) 10MPC, China",,,,,,,,,,,,,,,,,,,,,,,,,,,,,,,,,,,,,,,,
"Jinan 10MPC, China",,,,,,,,,,,,,,,,,,,,,,,,,,,,,,,,,,,,,,,,
"Mosul 10MPC, Iraq",,,,,,,,,,,,,,,,,,,,,,,,,,,,,,,,,,,,,,,,
"Fortaleza 10MPC, Brazil",,,,,,,,,,,,,,,,,,,,,,,,,,,,,,,,,,,,,,,,
"Imphal 10MPC, India",,,,,,,,,,,,,,,,,,,,,,,,,,,,,,,,,,,,,,,,
"Johannesburg 10MPC, South Africa",,,,,,,,,,,,,,,,,,,,,,,,,,,,,,,,,,,,,,,,
"Tunis 10MPC, Tunisia-Algeria",,,,,,,,,,,,,,,,,,,,,,,,,,,,,,,,,,,,,,,,
"Antananarivo 10MPC, Madagascar",,,,,,,,,,,,,,,,,,,,,,,,,,,,,,,,,,,,,,,,
"Changsha 10MPC, China",,,,,,,,,,,,,,,,,,,,,,,,,,,,,,,,,,,,,,,,
"Beijing (Center) 10MPC, China",,,,,,,,,,,,,,,,,,,,,,,,,,,,,,,,,,,,,,,,
"ቡሌ ሆራ / Bule Hora 10MPC, Ethiopia",,,,,,,,,,,,,,,,,,,,,,,,,,,,,,,,,,,,,,,,
"Wenzhou 10MPC, China",,,,,,,,,,,,,,,,,,,,,,,,,,,,,,,,,,,,,,,,
"Yongchuan 10MPC, China",,,,,,,,,,,,,,,,,,,,,,,,,,,,,,,,,,,,,,,,
"Nagpur 10MPC, India",,,,,,,,,,,,,,,,,,,,,,,,,,,,,,,,,,,,,,,,
"Nagoya 10MPC, Japan",,,,,,,,,,,,,,,,,,,,,,,,,,,,,,,,,,,,,,,,
"Aleppo 10MPC, Turkey-Syria",,,,,,,,,,,,,,,,,,,,,,,,,,,,,,,,,,,,,,,,
"Jamalpur 10MPC, Bangladesh-India",,,,,,,,,,,,,,,,,,,,,,,,,,,,,,,,,,,,,,,,
"Kolkata (Center) 10MPC, India",,,,,,,,,,,,,,,,,,,,,,,,,,,,,,,,,,,,,,,,
"Barkhada 10MPC, Bangladesh-India",,,,,,,,,,,,,,,,,,,,,,,,,,,,,,,,,,,,,,,,
"Vienna 10MPC, Hungary-Slovakia-Austria",,,,,,,,,,,,,,,,,,,,,,,,,,,,,,,,,,,,,,,,
"Handan 10MPC, China",,,,,,,,,,,,,,,,,,,,,,,,,,,,,,,,,,,,,,,,
"Guangzhou (Center West) 10MPC, China",,,,,,,,,,,,,,,,,,,,,,,,,,,,,,,,,,,,,,,,
"Mumbai (Center) 10MPC, India",,,,,,,,,,,,,,,,,,,,,,,,,,,,,,,,,,,,,,,,
"Tianjin 10MPC, China",,,,,,,,,,,,,,,,,,,,,,,,,,,,,,,,,,,,,,,,
"Santo Domingo 10MPC, Dominican Republic",,,,,,,,,,,,,,,,,,,,,,,,,,,,,,,,,,,,,,,,
"Đà Nẵng 10MPC, Vietnam-Laos-Thailand",,,,,,,,,,,,,,,,,,,,,,,,,,,,,,,,,,,,,,,,
"Mogadishu 10MPC, Somalia",,,,,,,,,,,,,,,,,,,,,,,,,,,,,,,,,,,,,,,,
"Brussels 10MPC, Belgium-France",,,,,,,,,,,,,,,,,,,,,,,,,,,,,,,,,,,,,,,,
"Rouen 10MPC, France",,,,,,,,,,,,,,,,,,,,,,,,,,,,,,,,,,,,,,,,
"Quetta 10MPC, Pakistan-Afghanistan",,,,,,,,,,,,,,,,,,,,,,,,,,,,,,,,,,,,,,,,
"Nimule 10MPC, Uganda-South Sudan-Kenya",,,,,,,,,,,,,,,,,,,,,,,,,,,,,,,,,,,,,,,,
"Puyang 10MPC, China",,,,,,,,,,,,,,,,,,,,,,,,,,,,,,,,,,,,,,,,
"Zhanjiang 10MPC, China",,,,,,,,,,,,,,,,,,,,,,,,,,,,,,,,,,,,,,,,
"Kolhapur 10MPC, India",,,,,,,,,,,,,,,,,,,,,,,,,,,,,,,,,,,,,,,,
"Nanded-Waghala 10MPC, India",,,,,,,,,,,,,,,,,,,,,,,,,,,,,,,,,,,,,,,,
"Tshikapa 10MPC, Democratic Republic of the Congo",,,,,,,,,,,,,,,,,,,,,,,,,,,,,,,,,,,,,,,,
"Tokyo (Center East) 10MPC, Japan",,,,,,,,,,,,,,,,,,,,,,,,,,,,,,,,,,,,,,,,
"Accra 10MPC, Ghana",,,,,,,,,,,,,,,,,,,,,,,,,,,,,,,,,,,,,,,,
"Bordeaux 10MPC, France",,,,,,,,,,,,,,,,,,,,,,,,,,,,,,,,,,,,,,,,
"Saki 10MPC, Nigeria-Benin",,,,,,,,,,,,,,,,,,,,,,,,,,,,,,,,,,,,,,,,
"Zhoukou 10MPC, China",,,,,,,,,,,,,,,,,,,,,,,,,,,,,,,,,,,,,,,,
"Goiânia 10MPC, Brazil",,,,,,,,,,,,,,,,,,,,,,,,,,,,,,,,,,,,,,,,
"Colombo (Center) 10MPC, Sri Lanka",,,,,,,,,,,,,,,,,,,,,,,,,,,,,,,,,,,,,,,,
"Medan 10MPC, Indonesia",,,,,,,,,,,,,,,,,,,,,,,,,,,,,,,,,,,,,,,,
"Kirumba 10MPC, Uganda-Tanzania-Democratic Republic of the Congo",,,,,,,,,,,,,,,,,,,,,,,,,,,,,,,,,,,,,,,,
"Gwalior (Center) 10MPC, India",,,,,,,,,,,,,,,,,,,,,,,,,,,,,,,,,,,,,,,,
"Tokyo (Center West) 10MPC, Japan",,,,,,,,,,,,,,,,,,,,,,,,,,,,,,,,,,,,,,,,
"Panaji 10MPC, India",,,,,,,,,,,,,,,,,,,,,,,,,,,,,,,,,,,,,,,,
"Madiun 10MPC, Indonesia",,,,,,,,,,,,,,,,,,,,,,,,,,,,,,,,,,,,,,,,
"Marseille 10MPC, France-Italy",,,,,,,,,,,,,,,,,,,,,,,,,,,,,,,,,,,,,,,,
"Curitiba 10MPC, Brazil",,,,,,,,,,,,,,,,,,,,,,,,,,,,,,,,,,,,,,,,
"Frankfurt am Main 10MPC, Germany",,,,,,,,,,,,,,,,,,,,,,,,,,,,,,,,,,,,,,,,
"Manchester 10MPC, United Kingdom",,,,,,,,,,,,,,,,,,,,,,,,,,,,,,,,,,,,,,,,
"Bengaluru (Center) 10MPC, India",,,,,,,,,,,,,,,,,,,,,,,,,,,,,,,,,,,,,,,,
"Morogoro 10MPC, Tanzania-Mozambique-Zambia",,,,,,,,,,,,,,,,,,,,,,,,,,,,,,,,,,,,,,,,
"Haiphong 10MPC, Vietnam",,,,,,,,,,,,,,,,,,,,,,,,,,,,,,,,,,,,,,,,
"Xuzhou 10MPC, China",,,,,,,,,,,,,,,,,,,,,,,,,,,,,,,,,,,,,,,,
"Nairobi 10MPC, Kenya",,,,,,,,,,,,,,,,,,,,,,,,,,,,,,,,,,,,,,,,
"Tangshan 10MPC, China",,,,,,,,,,,,,,,,,,,,,,,,,,,,,,,,,,,,,,,,
"Tasikmalaya 10MPC, Indonesia",,,,,,,,,,,,,,,,,,,,,,,,,,,,,,,,,,,,,,,,
"Luoyang 10MPC, China",,,,,,,,,,,,,,,,,,,,,,,,,,,,,,,,,,,,,,,,
"Hadejia 10MPC, Nigeria",,,,,,,,,,,,,,,,,,,,,,,,,,,,,,,,,,,,,,,,
"Kalaburagi 10MPC, India",,,,,,,,,,,,,,,,,,,,,,,,,,,,,,,,,,,,,,,,
"Quanzhou (Fujian Sheng) 10MPC, China",,,,,,,,,,,,,,,,,,,,,,,,,,,,,,,,,,,,,,,,
"Montevideo 10MPC, Argentina-Uruguay-Brazil",,,,,,,,,,,,,,,,,,,,,,,,,,,,,,,,,,,,,,,,
"Xinyang 10MPC, China",,,,,,,,,,,,,,,,,,,,,,,,,,,,,,,,,,,,,,,,
"Wuhu (Northern Anhui Sheng) 10MPC, China",,,,,,,,,,,,,,,,,,,,,,,,,,,,,,,,,,,,,,,,
"Bologna 10MPC, Italy",,,,,,,,,,,,,,,,,,,,,,,,,,,,,,,,,,,,,,,,
"Suqian 10MPC, China",,,,,,,,,,,,,,,,,,,,,,,,,,,,,,,,,,,,,,,,
"Saint Petersburg 10MPC, Russia-Finland",,,,,,,,,,,,,,,,,,,,,,,,,,,,,,,,,,,,,,,,
"Yinchuan 10MPC, China",,,,,,,,,,,,,,,,,,,,,,,,,,,,,,,,,,,,,,,,
"Nampula 10MPC, Mozambique",,,,,,,,,,,,,,,,,,,,,,,,,,,,,,,,,,,,,,,,
"Qiqihar 10MPC, China",,,,,,,,,,,,,,,,,,,,,,,,,,,,,,,,,,,,,,,,
"Multan 10MPC, Pakistan",,,,,,,,,,,,,,,,,,,,,,,,,,,,,,,,,,,,,,,,
"Guangzhou (Outer East) 10MPC, China",,,,,,,,,,,,,,,,,,,,,,,,,,,,,,,,,,,,,,,,
"Baoding 10MPC, China",,,,,,,,,,,,,,,,,,,,,,,,,,,,,,,,,,,,,,,,
"Algiers 10MPC, Algeria",,,,,,,,,,,,,,,,,,,,,,,,,,,,,,,,,,,,,,,,
"Jabalpur 10MPC, India",,,,,,,,,,,,,,,,,,,,,,,,,,,,,,,,,,,,,,,,
"Cangzhou 10MPC, China",,,,,,,,,,,,,,,,,,,,,,,,,,,,,,,,,,,,,,,,
"Liège 10MPC, France-Germany-Belgium",,,,,,,,,,,,,,,,,,,,,,,,,,,,,,,,,,,,,,,,
"Naga 10MPC, Philippines",,,,,,,,,,,,,,,,,,,,,,,,,,,,,,,,,,,,,,,,
"Vellore 10MPC, India",,,,,,,,,,,,,,,,,,,,,,,,,,,,,,,,,,,,,,,,
"Hiroshima 10MPC, Japan",,,,,,,,,,,,,,,,,,,,,,,,,,,,,,,,,,,,,,,,
"Azamgarh 10MPC, India",,,,,,,,,,,,,,,,,,,,,,,,,,,,,,,,,,,,,,,,
"Kabul 10MPC, Afghanistan",,,,,,,,,,,,,,,,,,,,,,,,,,,,,,,,,,,,,,,,
"Hargeisa 10MPC, Ethiopia-Somalia-Djibouti",,,,,,,,,,,,,,,,,,,,,,,,,,,,,,,,,,,,,,,,
"Gaya 10MPC, India",,,,,,,,,,,,,,,,,,,,,,,,,,,,,,,,,,,,,,,,
"Sawai Madhopur 10MPC, India",,,,,,,,,,,,,,,,,,,,,,,,,,,,,,,,,,,,,,,,
"Kharkiv 10MPC, Ukraine",,,,,,,,,,,,,,,,,,,,,,,,,,,,,,,,,,,,,,,,
"Buenos Aires (Outer) 10MPC, Argentina",,,,,,,,,,,,,,,,,,,,,,,,,,,,,,,,,,,,,,,,
"Guangzhou (Outer West) 10MPC, China",,,,,,,,,,,,,,,,,,,,,,,,,,,,,,,,,,,,,,,,
"Mandalay 10MPC, Myanmar",,,,,,,,,,,,,,,,,,,,,,,,,,,,,,,,,,,,,,,,
"Krishnanagar 10MPC, India-Bangladesh",,,,,,,,,,,,,,,,,,,,,,,,,,,,,,,,,,,,,,,,
"Coimbatore 10MPC, India",,,,,,,,,,,,,,,,,,,,,,,,,,,,,,,,,,,,,,,,
"Cape Town 10MPC, South Africa",,,,,,,,,,,,,,,,,,,,,,,,,,,,,,,,,,,,,,,,
"Homs 10MPC, Syria-Turkey-Lebanon",,,,,,,,,,,,,,,,,,,,,,,,,,,,,,,,,,,,,,,,
"Novosibirsk 10MPC, Russia",,,,,,,,,,,,,,,,,,,,,,,,,,,,,,,,,,,,,,,,
"Keren 10MPC, Ethiopia-Eritrea",,,,,,,,,,,,,,,,,,,,,,,,,,,,,,,,,,,,,,,,
"Saidpur 10MPC, Bangladesh",,,,,,,,,,,,,,,,,,,,,,,,,,,,,,,,,,,,,,,,
"Khartoum 10MPC, Sudan",,,,,,,,,,,,,,,,,,,,,,,,,,,,,,,,,,,,,,,,
"Jieyang (Center) 10MPC, China",,,,,,,,,,,,,,,,,,,,,,,,,,,,,,,,,,,,,,,,
"Quezon City [Manila] (Center) 10MPC, Philippines",,,,,,,,,,,,,,,,,,,,,,,,,,,,,,,,,,,,,,,,
"Shenyang 10MPC, China",,,,,,,,,,,,,,,,,,,,,,,,,,,,,,,,,,,,,,,,
"Dushanbe 10MPC, Tajikistan-Uzbekistan-Afghanistan",,,,,,,,,,,,,,,,,,,,,,,,,,,,,,,,,,,,,,,,
"Shangrao 10MPC, China",,,,,,,,,,,,,,,,,,,,,,,,,,,,,,,,,,,,,,,,
"Belgrade 10MPC, Serbia-Bosnia and Herzegovina-Hungary",,,,,,,,,,,,,,,,,,,,,,,,,,,,,,,,,,,,,,,,
"Mombasa 10MPC, Tanzania-Kenya",,,,,,,,,,,,,,,,,,,,,,,,,,,,,,,,,,,,,,,,
"Sahiwal 10MPC, Pakistan",,,,,,,,,,,,,,,,,,,,,,,,,,,,,,,,,,,,,,,,
"Fukuoka 10MPC, Japan",,,,,,,,,,,,,,,,,,,,,,,,,,,,,,,,,,,,,,,,
"Detroit 10MPC, USA-Canada",,,,,,,,,,,,,,,,,,,,,,,,,,,,,,,,,,,,,,,,
"Leiyang 10MPC, China",,,,,,,,,,,,,,,,,,,,,,,,,,,,,,,,,,,,,,,,
"El Mahalla El Kubra 10MPC, Egypt",,,,,,,,,,,,,,,,,,,,,,,,,,,,,,,,,,,,,,,,
"Tampa 10MPC, USA",0.007693467267199476,,0.0007382763082301739,,0.08705698011678326,,0.03598602382174671,,0.08056618302305014,,0.07224131901269931,,0.13594853260766573,,0.05053992984739312,,0.02659529087988481,,0.01707954763564413,,0.05630241449835761,,0.049149090541966804,,0.05867175455226033,,0.001549514518636763,,0.07589766647095622,,0.03762826262894582,,0.12659022832768863,,0.04737845220858749,,0.007904642282457519,,0.024482423449846122,
"Washington D.C. 10MPC, USA",0.004626720910097545,,0.00063181026226144,,0.05840464714533158,,0.019560159612258547,,0.0613051034619477,,0.0948442330868988,,0.12469466684800193,,0.04285537878712559,,0.021339390364476428,,0.02146071889293862,,0.053118507362238776,,0.05726392490409238,,0.04080743022027347,,0.0013663440864146049,,0.14156605587218837,,0.1056227970246743,,0.08638973516034784,,0.042299526917551324,,0.005089328476953277,,0.016753520603927784,
"Moscow (Center) 10MPC, Russia",,,,,,,,,,,,,,,,,,,,,,,,,,,,,,,,,,,,,,,,
"Dakar 10MPC, Senegal",,,,,,,,,,,,,,,,,,,,,,,,,,,,,,,,,,,,,,,,
"Hengyang (Eastern Hunan Sheng) 10MPC, China",,,,,,,,,,,,,,,,,,,,,,,,,,,,,,,,,,,,,,,,
"Quebec 10MPC, USA-Canada",,,,,,,,,,,,,,,,,,,,,,,,,,,,,,,,,,,,,,,,
"Jining 10MPC, China",,,,,,,,,,,,,,,,,,,,,,,,,,,,,,,,,,,,,,,,
"Mexico City (Center) 10MPC, Mexico",,,,,,,,,,,,,,,,,,,,,,,,,,,,,,,,,,,,,,,,
"Fatehpur (Southern Uttar Pradesh) 10MPC, India",,,,,,,,,,,,,,,,,,,,,,,,,,,,,,,,,,,,,,,,
"Seattle 10MPC, USA-Canada",,,,,,,,,,,,,,,,,,,,,,,,,,,,,,,,,,,,,,,,
"Nakuru 10MPC, Kenya",,,,,,,,,,,,,,,,,,,,,,,,,,,,,,,,,,,,,,,,
"Garoua 10MPC, Nigeria-Cameroon",,,,,,,,,,,,,,,,,,,,,,,,,,,,,,,,,,,,,,,,
"Munich 10MPC, Germany",,,,,,,,,,,,,,,,,,,,,,,,,,,,,,,,,,,,,,,,
"Shiyan 10MPC, China",,,,,,,,,,,,,,,,,,,,,,,,,,,,,,,,,,,,,,,,
"Copenhagen 10MPC, Denmark-Germany-Sweden",,,,,,,,,,,,,,,,,,,,,,,,,,,,,,,,,,,,,,,,
"Huaihua 10MPC, China",,,,,,,,,,,,,,,,,,,,,,,,,,,,,,,,,,,,,,,,
"Hodeidah 10MPC, Yemen",,,,,,,,,,,,,,,,,,,,,,,,,,,,,,,,,,,,,,,,
"Raiganj 10MPC, India",,,,,,,,,,,,,,,,,,,,,,,,,,,,,,,,,,,,,,,,
"Bhubaneshwar 10MPC, India",,,,,,,,,,,,,,,,,,,,,,,,,,,,,,,,,,,,,,,,
"Jammu 10MPC, India-Pakistan",,,,,,,,,,,,,,,,,,,,,,,,,,,,,,,,,,,,,,,,
"Yichang (Outer) 10MPC, China",,,,,,,,,,,,,,,,,,,,,,,,,,,,,,,,,,,,,,,,
"São Paulo (Center) 10MPC, Brazil",,,,,,,,,,,,,,,,,,,,,,,,,,,,,,,,,,,,,,,,
"Yangzhou 10MPC, China",,,,,,,,,,,,,,,,,,,,,,,,,,,,,,,,,,,,,,,,
"Dadu 10MPC, Pakistan",,,,,,,,,,,,,,,,,,,,,,,,,,,,,,,,,,,,,,,,
"Virginia Beach 10MPC, USA",0.011625927965078406,,0.0014060731154442315,,0.08219540020990344,,0.017279624790006123,,0.07438506227305032,,0.09014200507479225,,0.13710802352645238,,0.03997786923429769,,0.01937000957133737,,0.014518112696659672,,0.1028571746770335,,0.0486585111440958,,0.04751337422004022,,0.0008490889965918483,,0.05704068242534702,,0.059452788192109224,,0.11722699039535983,,0.04788906544989948,,0.010225480585225703,,0.020278735457275703,
"Hamburg 10MPC, Germany",,,,,,,,,,,,,,,,,,,,,,,,,,,,,,,,,,,,,,,,
"Khulna 10MPC, Bangladesh",,,,,,,,,,,,,,,,,,,,,,,,,,,,,,,,,,,,,,,,
"Darbhanga 10MPC, India",,,,,,,,,,,,,,,,,,,,,,,,,,,,,,,,,,,,,,,,
"Chengdu 10MPC, China",,,,,,,,,,,,,,,,,,,,,,,,,,,,,,,,,,,,,,,,
"Tashkent 10MPC, Uzbekistan-Tajikistan",,,,,,,,,,,,,,,,,,,,,,,,,,,,,,,,,,,,,,,,
"Mumbai (Outer) 10MPC, India",,,,,,,,,,,,,,,,,,,,,,,,,,,,,,,,,,,,,,,,
"Huai'an 10MPC, China",,,,,,,,,,,,,,,,,,,,,,,,,,,,,,,,,,,,,,,,
"Delhi [New Delhi] (Center) 10MPC, India",,,,,,,,,,,,,,,,,,,,,,,,,,,,,,,,,,,,,,,,
"Najaf 10MPC, Iraq",,,,,,,,,,,,,,,,,,,,,,,,,,,,,,,,,,,,,,,,
"Guatemala City 10MPC, Guatemala",,,,,,,,,,,,,,,,,,,,,,,,,,,,,,,,,,,,,,,,
"Cali 10MPC, Colombia",,,,,,,,,,,,,,,,,,,,,,,,,,,,,,,,,,,,,,,,
"Kumasi 10MPC, Ghana",,,,,,,,,,,,,,,,,,,,,,,,,,,,,,,,,,,,,,,,
"Shijiazhuang 10MPC, China",,,,,,,,,,,,,,,,,,,,,,,,,,,,,,,,,,,,,,,,
"Tabuk 10MPC, Egypt-Saudi Arabia-Syria",,,,,,,,,,,,,,,,,,,,,,,,,,,,,,,,,,,,,,,,
"Guilin 10MPC, China",,,,,,,,,,,,,,,,,,,,,,,,,,,,,,,,,,,,,,,,
"Peshawar 10MPC, Pakistan",,,,,,,,,,,,,,,,,,,,,,,,,,,,,,,,,,,,,,,,
"Moscow (Outer) 10MPC, Russia",,,,,,,,,,,,,,,,,,,,,,,,,,,,,,,,,,,,,,,,
"Lusaka 10MPC, Zambia-Zimbabwe",,,,,,,,,,,,,,,,,,,,,,,,,,,,,,,,,,,,,,,,
"Samarkand 10MPC, Uzbekistan",,,,,,,,,,,,,,,,,,,,,,,,,,,,,,,,,,,,,,,,
"Mwanza 10MPC, Tanzania",,,,,,,,,,,,,,,,,,,,,,,,,,,,,,,,,,,,,,,,
"Srinagar (Jammu and Kashmīr) 10MPC, India-Pakistan",,,,,,,,,,,,,,,,,,,,,,,,,,,,,,,,,,,,,,,,
"Vinh 10MPC, Vietnam-Thailand-Laos",,,,,,,,,,,,,,,,,,,,,,,,,,,,,,,,,,,,,,,,
"Kuwait City 10MPC, Kuwait-Saudi Arabia-Bahrain",,,,,,,,,,,,,,,,,,,,,,,,,,,,,,,,,,,,,,,,
"Tripoli 10MPC, Italy-Libya-Tunisia",,,,,,,,,,,,,,,,,,,,,,,,,,,,,,,,,,,,,,,,
"Kollam 10MPC, India",,,,,,,,,,,,,,,,,,,,,,,,,,,,,,,,,,,,,,,,
"Ta'izz 10MPC, Yemen",,,,,,,,,,,,,,,,,,,,,,,,,,,,,,,,,,,,,,,,
"Kaduna 10MPC, Nigeria",,,,,,,,,,,,,,,,,,,,,,,,,,,,,,,,,,,,,,,,
"Alexandria 10MPC, Egypt",,,,,,,,,,,,,,,,,,,,,,,,,,,,,,,,,,,,,,,,
"N'Djamena 10MPC, Cameroon-Nigeria-Chad",,,,,,,,,,,,,,,,,,,,,,,,,,,,,,,,,,,,,,,,
"Harbin 10MPC, China",,,,,,,,,,,,,,,,,,,,,,,,,,,,,,,,,,,,,,,,
"Warangal 10MPC, India",,,,,,,,,,,,,,,,,,,,,,,,,,,,,,,,,,,,,,,,
"Kota Kinabalu 10MPC, Indonesia-Malaysia",,,,,,,,,,,,,,,,,,,,,,,,,,,,,,,,,,,,,,,,
"Onitsha 10MPC, Nigeria",,,,,,,,,,,,,,,,,,,,,,,,,,,,,,,,,,,,,,,,
"Seoul (Periphery) 10MPC, South Korea",,,,,,,,,,,,,,,,,,,,,,,,,,,,,,,,,,,,,,,,
"Dagupan 10MPC, Philippines",,,,,,,,,,,,,,,,,,,,,,,,,,,,,,,,,,,,,,,,
"Jagdalpur 10MPC, India",,,,,,,,,,,,,,,,,,,,,,,,,,,,,,,,,,,,,,,,
"Jeddah 10MPC, Saudi Arabia",,,,,,,,,,,,,,,,,,,,,,,,,,,,,,,,,,,,,,,,
"Porto Alegre 10MPC, Brazil",,,,,,,,,,,,,,,,,,,,,,,,,,,,,,,,,,,,,,,,
"Cairo (Center) 10MPC, Egypt",,,,,,,,,,,,,,,,,,,,,,,,,,,,,,,,,,,,,,,,
"Ahmadnagar 10MPC, India",,,,,,,,,,,,,,,,,,,,,,,,,,,,,,,,,,,,,,,,
"Dire Dawa 10MPC, Ethiopia",,,,,,,,,,,,,,,,,,,,,,,,,,,,,,,,,,,,,,,,
"Sargodha 10MPC, Pakistan",,,,,,,,,,,,,,,,,,,,,,,,,,,,,,,,,,,,,,,,
"Torreon 10MPC, Mexico",,,,,,,,,,,,,,,,,,,,,,,,,,,,,,,,,,,,,,,,
"Kano 10MPC, Nigeria",,,,,,,,,,,,,,,,,,,,,,,,,,,,,,,,,,,,,,,,
"Birmingham 10MPC, USA",0.011441124744995227,,0.003490258935938783,,0.0729251829393008,,0.01421237703570545,,0.06816121950840663,,0.09088535180336302,,0.13500780984957678,,0.04048647025233023,,0.01683418751821308,,0.013855666840906205,,0.12785159980729957,,0.04740974542726654,,0.041633479295173186,,0.0007532441747423829,,0.052299268431390204,,0.05936153031176473,,0.11551603216450552,,0.05227430310831028,,0.012344307740613474,,0.023256840110197744,
"Bengkulu 10MPC, Indonesia-Malaysia",,,,,,,,,,,,,,,,,,,,,,,,,,,,,,,,,,,,,,,,
"Hefei 10MPC, China",,,,,,,,,,,,,,,,,,,,,,,,,,,,,,,,,,,,,,,,
"Hangzhou 10MPC, China",,,,,,,,,,,,,,,,,,,,,,,,,,,,,,,,,,,,,,,,
"Songyuan 10MPC, China",,,,,,,,,,,,,,,,,,,,,,,,,,,,,,,,,,,,,,,,
"Jember 10MPC, Indonesia-Malaysia",,,,,,,,,,,,,,,,,,,,,,,,,,,,,,,,,,,,,,,,
"Bandung 10MPC, Indonesia",,,,,,,,,,,,,,,,,,,,,,,,,,,,,,,,,,,,,,,,
"Deoghar 10MPC, India",,,,,,,,,,,,,,,,,,,,,,,,,,,,,,,,,,,,,,,,
"Seoul (Outer) 10MPC, South Korea",,,,,,,,,,,,,,,,,,,,,,,,,,,,,,,,,,,,,,,,
"Namangan 10MPC, Uzbekistan-Kyrgyzstan",,,,,,,,,,,,,,,,,,,,,,,,,,,,,,,,,,,,,,,,
"Dharwad 10MPC, India",,,,,,,,,,,,,,,,,,,,,,,,,,,,,,,,,,,,,,,,
"Vadodara (South) 10MPC, India",,,,,,,,,,,,,,,,,,,,,,,,,,,,,,,,,,,,,,,,
"Cordoba 10MPC, Argentina",,,,,,,,,,,,,,,,,,,,,,,,,,,,,,,,,,,,,,,,
"Sahibganj 10MPC, India",,,,,,,,,,,,,,,,,,,,,,,,,,,,,,,,,,,,,,,,
"Prayagraj 10MPC, India",,,,,,,,,,,,,,,,,,,,,,,,,,,,,,,,,,,,,,,,
"Dazhou 10MPC, China",,,,,,,,,,,,,,,,,,,,,,,,,,,,,,,,,,,,,,,,
"Hyderabad 10MPC, Pakistan",,,,,,,,,,,,,,,,,,,,,,,,,,,,,,,,,,,,,,,,
"Can Tho 10MPC, Vietnam",,,,,,,,,,,,,,,,,,,,,,,,,,,,,,,,,,,,,,,,
"Beihai 10MPC, China",,,,,,,,,,,,,,,,,,,,,,,,,,,,,,,,,,,,,,,,
"Tokyo (Periphery) 10MPC, Japan",,,,,,,,,,,,,,,,,,,,,,,,,,,,,,,,,,,,,,,,
"Nyala 10MPC, Sudan",,,,,,,,,,,,,,,,,,,,,,,,,,,,,,,,,,,,,,,,
"Karachi (Outer) 10MPC, Pakistan",,,,,,,,,,,,,,,,,,,,,,,,,,,,,,,,,,,,,,,,
"Tamale 10MPC, Ghana-Togo-Benin",,,,,,,,,,,,,,,,,,,,,,,,,,,,,,,,,,,,,,,,
"Louisville 10MPC, USA",0.009207018262909856,,0.008479482153554775,,0.07188080122118631,,0.014559690036371675,,0.06295968673547349,,0.0935603536247844,,0.15774536100751968,,0.04143219239061679,,0.013134336656807362,,0.014104309178081195,,0.13911794948094078,,0.04508508754648841,,0.03646299762014855,,0.0011022380593581165,,0.04399443636891236,,0.04321312091569967,,0.12027176809313625,,0.050292256199029835,,0.010853456811225556,,0.022543457637754873,
"Bannu 10MPC, Pakistan-Afghanistan",,,,,,,,,,,,,,,,,,,,,,,,,,,,,,,,,,,,,,,,
"Yogyakarta 10MPC, Indonesia",,,,,,,,,,,,,,,,,,,,,,,,,,,,,,,,,,,,,,,,
"Delhi [New Delhi] (Periphery) 10MPC, India",,,,,,,,,,,,,,,,,,,,,,,,,,,,,,,,,,,,,,,,
"Dhubri 10MPC, India",,,,,,,,,,,,,,,,,,,,,,,,,,,,,,,,,,,,,,,,
"Siuri 10MPC, India",,,,,,,,,,,,,,,,,,,,,,,,,,,,,,,,,,,,,,,,
"Ballia 10MPC, India",,,,,,,,,,,,,,,,,,,,,,,,,,,,,,,,,,,,,,,,
"Nanjing (Jiangsu Sheng) 10MPC, China",,,,,,,,,,,,,,,,,,,,,,,,,,,,,,,,,,,,,,,,
"Rawalpindi [Islamabad] (Center) 10MPC, Pakistan",,,,,,,,,,,,,,,,,,,,,,,,,,,,,,,,,,,,,,,,
"Gondia 10MPC, India",,,,,,,,,,,,,,,,,,,,,,,,,,,,,,,,,,,,,,,,
"Blantyre 10MPC, Malawi-Mozambique",,,,,,,,,,,,,,,,,,,,,,,,,,,,,,,,,,,,,,,,
"Xuchang 10MPC, China",,,,,,,,,,,,,,,,,,,,,,,,,,,,,,,,,,,,,,,,
"Shanghai (Periphery) 10MPC, China",,,,,,,,,,,,,,,,,,,,,,,,,,,,,,,,,,,,,,,,
"Al-Minya 10MPC, Egypt",,,,,,,,,,,,,,,,,,,,,,,,,,,,,,,,,,,,,,,,
"Rahimyar Khan 10MPC, Pakistan",,,,,,,,,,,,,,,,,,,,,,,,,,,,,,,,,,,,,,,,
"Kagoshima 10MPC, Japan-South Korea-North Korea",,,,,,,,,,,,,,,,,,,,,,,,,,,,,,,,,,,,,,,,
"Karachi (Center) 10MPC, Pakistan",,,,,,,,,,,,,,,,,,,,,,,,,,,,,,,,,,,,,,,,
"Bristol 10MPC, United Kingdom",,,,,,,,,,,,,,,,,,,,,,,,,,,,,,,,,,,,,,,,
"Addis Ababa 10MPC, Ethiopia",,,,,,,,,,,,,,,,,,,,,,,,,,,,,,,,,,,,,,,,
"Yining/Qulja 10MPC, China-Kazakhstan",,,,,,,,,,,,,,,,,,,,,,,,,,,,,,,,,,,,,,,,
"Kansas City 10MPC, USA",0.017769348328475407,,0.0036274196243388825,,0.06535964513161885,,0.01824793461301988,,0.06954741274516758,,0.09543184769676862,,0.14253600764763097,,0.0528464084162557,,0.01516930634762644,,0.016527798818857763,,0.11562388845281027,,0.046896334425752306,,0.03511463795564108,,0.0014035607706452946,,0.059836797593035944,,0.04452334555940584,,0.11603818705116745,,0.04837216821207026,,0.009617212779259405,,0.025510737830452077,
"Purwokerto 10MPC, Indonesia",,,,,,,,,,,,,,,,,,,,,,,,,,,,,,,,,,,,,,,,
"Vijayawada 10MPC, India",,,,,,,,,,,,,,,,,,,,,,,,,,,,,,,,,,,,,,,,
"Malanje 10MPC, Angola-Democratic Republic of the Congo",,,,,,,,,,,,,,,,,,,,,,,,,,,,,,,,,,,,,,,,
"Jaipur (Center) 10MPC, India",,,,,,,,,,,,,,,,,,,,,,,,,,,,,,,,,,,,,,,,
"Mahesana 10MPC, India",,,,,,,,,,,,,,,,,,,,,,,,,,,,,,,,,,,,,,,,
"Khammam 10MPC, India",,,,,,,,,,,,,,,,,,,,,,,,,,,,,,,,,,,,,,,,
"Bucharest 10MPC, Romania",,,,,,,,,,,,,,,,,,,,,,,,,,,,,,,,,,,,,,,,
"Tai'an 10MPC, China",,,,,,,,,,,,,,,,,,,,,,,,,,,,,,,,,,,,,,,,
"Kigali 10MPC, Rwanda-Uganda",,,,,,,,,,,,,,,,,,,,,,,,,,,,,,,,,,,,,,,,
"Korba 10MPC, India",,,,,,,,,,,,,,,,,,,,,,,,,,,,,,,,,,,,,,,,
"Delhi [New Delhi] (Outer) 10MPC, India",,,,,,,,,,,,,,,,,,,,,,,,,,,,,,,,,,,,,,,,
"Kyiv 10MPC, Ukraine",,,,,,,,,,,,,,,,,,,,,,,,,,,,,,,,,,,,,,,,
"Sapporo 10MPC, Japan-Russia-China",,,,,,,,,,,,,,,,,,,,,,,,,,,,,,,,,,,,,,,,
"Weifang 10MPC, China",,,,,,,,,,,,,,,,,,,,,,,,,,,,,,,,,,,,,,,,
"Phnom Penh 10MPC, Cambodia-Vietnam",,,,,,,,,,,,,,,,,,,,,,,,,,,,,,,,,,,,,,,,
"Farrukhabad 10MPC, India",,,,,,,,,,,,,,,,,,,,,,,,,,,,,,,,,,,,,,,,
"Shanghai (Outer) 10MPC, China",,,,,,,,,,,,,,,,,,,,,,,,,,,,,,,,,,,,,,,,
"Hohhot 10MPC, China",,,,,,,,,,,,,,,,,,,,,,,,,,,,,,,,,,,,,,,,
"Nanchong 10MPC, China",,,,,,,,,,,,,,,,,,,,,,,,,,,,,,,,,,,,,,,,
"Dubai 10MPC, United Arab Emirates-Oman",,,,,,,,,,,,,,,,,,,,,,,,,,,,,,,,,,,,,,,,
"Madurai 10MPC, India",,,,,,,,,,,,,,,,,,,,,,,,,,,,,,,,,,,,,,,,
"Kingston 10MPC, Cuba-Jamaica-Haiti",,,,,,,,,,,,,,,,,,,,,,,,,,,,,,,,,,,,,,,,
"Guwahati 10MPC, India",,,,,,,,,,,,,,,,,,,,,,,,,,,,,,,,,,,,,,,,
"Kaili 10MPC, China",,,,,,,,,,,,,,,,,,,,,,,,,,,,,,,,,,,,,,,,
"Bouaké 10MPC, Ivory Coast",,,,,,,,,,,,,,,,,,,,,,,,,,,,,,,,,,,,,,,,
"Nha Trang 10MPC, Vietnam",,,,,,,,,,,,,,,,,,,,,,,,,,,,,,,,,,,,,,,,
"George Town 10MPC, Malaysia-Thailand",,,,,,,,,,,,,,,,,,,,,,,,,,,,,,,,,,,,,,,,
"Oran 10MPC, Algeria",,,,,,,,,,,,,,,,,,,,,,,,,,,,,,,,,,,,,,,,
"Los Angeles 10MPC, USA",0.00440489655715101,,0.0005657563749630286,,0.07876633994508847,,0.03196065984862224,,0.0605992798541167,,0.08301316726384247,,0.1269565323308406,,0.036827734056208344,,0.021972879157246997,,0.03641926976813167,,0.09814610924779683,,0.055484263511156554,,0.049222047065006824,,0.001240542457347912,,0.07962614801689363,,0.03548207208927471,,0.1005959873322183,,0.05805602858554912,,0.006057154179745588,,0.03460313235879904,
"Odesa 10MPC, Ukraine-Moldova",,,,,,,,,,,,,,,,,,,,,,,,,,,,,,,,,,,,,,,,
"Langfang 10MPC, China",,,,,,,,,,,,,,,,,,,,,,,,,,,,,,,,,,,,,,,,
"Tokyo (Outer) 10MPC, Japan",,,,,,,,,,,,,,,,,,,,,,,,,,,,,,,,,,,,,,,,
"Suzhou (Jiangsu Sheng) (Outer) 10MPC, China",,,,,,,,,,,,,,,,,,,,,,,,,,,,,,,,,,,,,,,,
"Beni 10MPC, Uganda-Democratic Republic of the Congo",,,,,,,,,,,,,,,,,,,,,,,,,,,,,,,,,,,,,,,,
"Barranquilla 10MPC, Colombia",,,,,,,,,,,,,,,,,,,,,,,,,,,,,,,,,,,,,,,,
"Dar es Salaam 10MPC, Tanzania",,,,,,,,,,,,,,,,,,,,,,,,,,,,,,,,,,,,,,,,
"Zhengzhou (Center) 10MPC, China",,,,,,,,,,,,,,,,,,,,,,,,,,,,,,,,,,,,,,,,
"Denizli 10MPC, Turkey-Syria-Cyprus",,,,,,,,,,,,,,,,,,,,,,,,,,,,,,,,,,,,,,,,
"Winnipeg 10MPC, USA-Canada",,,,,,,,,,,,,,,,,,,,,,,,,,,,,,,,,,,,,,,,
"Lviv 10MPC, Ukraine-Poland-Slovakia",,,,,,,,,,,,,,,,,,,,,,,,,,,,,,,,,,,,,,,,
"Cluj-Napoca 10MPC, Romania-Hungary-Ukraine",,,,,,,,,,,,,,,,,,,,,,,,,,,,,,,,,,,,,,,,
"Yibin 10MPC, China",,,,,,,,,,,,,,,,,,,,,,,,,,,,,,,,,,,,,,,,
"Jakarta (Center) 10MPC, Indonesia",,,,,,,,,,,,,,,,,,,,,,,,,,,,,,,,,,,,,,,,
"Chonburi 10MPC, Thailand",,,,,,,,,,,,,,,,,,,,,,,,,,,,,,,,,,,,,,,,
"Mendoza 10MPC, Argentina-Chile",,,,,,,,,,,,,,,,,,,,,,,,,,,,,,,,,,,,,,,,
"Anshan 10MPC, China",,,,,,,,,,,,,,,,,,,,,,,,,,,,,,,,,,,,,,,,
"Chiang Mai 10MPC, Thailand-Myanmar",,,,,,,,,,,,,,,,,,,,,,,,,,,,,,,,,,,,,,,,
"New York (Outer) 10MPC, USA",0.003408669932341044,,0.0003608116062769481,,0.05252933850699269,,0.021619063535989344,,0.06309856326172063,,0.11848214371950269,,0.1650185672253191,,0.06759002032346537,,0.01919607298939979,,0.023083911321115994,,0.07458468000509251,,0.04401934027114973,,0.037916418431892196,,0.00146032116223064,,0.08322153350142901,,0.04433324645564842,,0.10246582343808394,,0.04385671259292162,,0.007843677444824563,,0.025911084274603632,
"Changzhou 10MPC, China",,,,,,,,,,,,,,,,,,,,,,,,,,,,,,,,,,,,,,,,
"St. Louis 10MPC, USA",0.012557417424218042,,0.0036519478099366395,,0.06949550916388368,,0.017832308577092164,,0.06296188639665894,,0.08924735583269831,,0.14969870650381917,,0.04668797362174966,,0.016027015490473893,,0.016137314669390026,,0.1281533825362472,,0.046931194215139825,,0.038861346515744105,,0.0021949376708855686,,0.055536725001300774,,0.04255064753271767,,0.1117129664480473,,0.05428968258622769,,0.009201227122000532,,0.02627045488176881,
"Deyang 10MPC, China",,,,,,,,,,,,,,,,,,,,,,,,,,,,,,,,,,,,,,,,
"Yueyang (Northern Hunan Sheng) 10MPC, China",,,,,,,,,,,,,,,,,,,,,,,,,,,,,,,,,,,,,,,,
"Auckland 10MPC, Australia-New Zealand",,,,,,,,,,,,,,,,,,,,,,,,,,,,,,,,,,,,,,,,
"Birmingham 10MPC, United Kingdom",,,,,,,,,,,,,,,,,,,,,,,,,,,,,,,,,,,,,,,,
"Jimma (Southern Oromīya) 10MPC, Ethiopia",,,,,,,,,,,,,,,,,,,,,,,,,,,,,,,,,,,,,,,,
"Sukkur 10MPC, Pakistan",,,,,,,,,,,,,,,,,,,,,,,,,,,,,,,,,,,,,,,,
"Constantine 10MPC, Algeria",,,,,,,,,,,,,,,,,,,,,,,,,,,,,,,,,,,,,,,,
"Kazan 10MPC, Russia",,,,,,,,,,,,,,,,,,,,,,,,,,,,,,,,,,,,,,,,
"Quezon City [Manila] (Periphery) 10MPC, Philippines",,,,,,,,,,,,,,,,,,,,,,,,,,,,,,,,,,,,,,,,
"Swat City 10MPC, Pakistan",,,,,,,,,,,,,,,,,,,,,,,,,,,,,,,,,,,,,,,,
"Lomé 10MPC, Togo-Benin-Ghana",,,,,,,,,,,,,,,,,,,,,,,,,,,,,,,,,,,,,,,,
"Tehran (Outer) 10MPC, Iran",,,,,,,,,,,,,,,,,,,,,,,,,,,,,,,,,,,,,,,,
"Baku 10MPC, Azerbaijan-Iran",,,,,,,,,,,,,,,,,,,,,,,,,,,,,,,,,,,,,,,,
"Mek'elē 10MPC, Ethiopia",,,,,,,,,,,,,,,,,,,,,,,,,,,,,,,,,,,,,,,,
"Tuxtla Gutiérrez 10MPC, Mexico",,,,,,,,,,,,,,,,,,,,,,,,,,,,,,,,,,,,,,,,
"Chandigarh 10MPC, India",,,,,,,,,,,,,,,,,,,,,,,,,,,,,,,,,,,,,,,,
"Medininagar 10MPC, India",,,,,,,,,,,,,,,,,,,,,,,,,,,,,,,,,,,,,,,,
"Seville 10MPC, Spain-Ivory Coast-Algeria",,,,,,,,,,,,,,,,,,,,,,,,,,,,,,,,,,,,,,,,
"Asuncion 10MPC, Paraguay-Brazil-Argentina",,,,,,,,,,,,,,,,,,,,,,,,,,,,,,,,,,,,,,,,
"Berhampore 10MPC, India-Bangladesh",,,,,,,,,,,,,,,,,,,,,,,,,,,,,,,,,,,,,,,,
"Hengshui 10MPC, China",,,,,,,,,,,,,,,,,,,,,,,,,,,,,,,,,,,,,,,,
"Hanoi 10MPC, Vietnam",,,,,,,,,,,,,,,,,,,,,,,,,,,,,,,,,,,,,,,,
"Saharanpur 10MPC, India",,,,,,,,,,,,,,,,,,,,,,,,,,,,,,,,,,,,,,,,
"Siliguri 10MPC, India-Bangladesh",,,,,,,,,,,,,,,,,,,,,,,,,,,,,,,,,,,,,,,,
"Bettiah 10MPC, India-Nepal",,,,,,,,,,,,,,,,,,,,,,,,,,,,,,,,,,,,,,,,
"Mbuji-Mayi 10MPC, Democratic Republic of the Congo",,,,,,,,,,,,,,,,,,,,,,,,,,,,,,,,,,,,,,,,
"Bucaramanga 10MPC, Colombia",,,,,,,,,,,,,,,,,,,,,,,,,,,,,,,,,,,,,,,,
"Balasore 10MPC, India",,,,,,,,,,,,,,,,,,,,,,,,,,,,,,,,,,,,,,,,
"Jamshedpur 10MPC, India",,,,,,,,,,,,,,,,,,,,,,,,,,,,,,,,,,,,,,,,
"Yekaterinburg 10MPC, Russia",,,,,,,,,,,,,,,,,,,,,,,,,,,,,,,,,,,,,,,,
"Bareilly 10MPC, India",,,,,,,,,,,,,,,,,,,,,,,,,,,,,,,,,,,,,,,,
"Bahir Dar 10MPC, Ethiopia",,,,,,,,,,,,,,,,,,,,,,,,,,,,,,,,,,,,,,,,
"Istanbul (Outer) 10MPC, Turkey",,,,,,,,,,,,,,,,,,,,,,,,,,,,,,,,,,,,,,,,
"Minneapolis [Saint Paul] 10MPC, USA",0.022166074704708393,,0.0014943578174649288,,0.05713391441104462,,0.018103732004178596,,0.061032827547309126,,0.09459098752249809,,0.1540617574164389,,0.05997073423652622,,0.013187074603083077,,0.015721632655063687,,0.14623257388436683,,0.04181160031960661,,0.03032624043856389,,0.001700583137321645,,0.06257923817722434,,0.034907378933530034,,0.11041989706092953,,0.04093343610043208,,0.006837106156407423,,0.026788852873301936,
"Şanlıurfa 10MPC, Turkey-Syria",,,,,,,,,,,,,,,,,,,,,,,,,,,,,,,,,,,,,,,,
"Nizhny Novgorod 10MPC, Russia",,,,,,,,,,,,,,,,,,,,,,,,,,,,,,,,,,,,,,,,
"Khamis Mushait 10MPC, Saudi Arabia-Sudan",,,,,,,,,,,,,,,,,,,,,,,,,,,,,,,,,,,,,,,,
"Bunia 10MPC, Uganda-Democratic Republic of the Congo",,,,,,,,,,,,,,,,,,,,,,,,,,,,,,,,,,,,,,,,
"Monrovia 10MPC, Guinea-Liberia-Sierra Leone",,,,,,,,,,,,,,,,,,,,,,,,,,,,,,,,,,,,,,,,
"Shahganj 10MPC, India",,,,,,,,,,,,,,,,,,,,,,,,,,,,,,,,,,,,,,,,
"Hawassa 10MPC, Ethiopia",,,,,,,,,,,,,,,,,,,,,,,,,,,,,,,,,,,,,,,,
"Kismayo 10MPC, South Africa-Mozambique-Tanzania",,,,,,,,,,,,,,,,,,,,,,,,,,,,,,,,,,,,,,,,
"Doha 10MPC, Iran-Qatar-Saudi Arabia",,,,,,,,,,,,,,,,,,,,,,,,,,,,,,,,,,,,,,,,
"Akola 10MPC, India",,,,,,,,,,,,,,,,,,,,,,,,,,,,,,,,,,,,,,,,
"Chicago (Center) 10MPC, USA",0.0031369331558967297,,0.000509275970233096,,0.06683336989080653,,0.021603583142214822,,0.05215177584961646,,0.09057195573155767,,0.13330493513789077,,0.05939323516805257,,0.018924995811051216,,0.01848397916867222,,0.12416014818212275,,0.045430252887165616,,0.04344662041946182,,0.0021144830052376748,,0.09467894791744273,,0.03175361574824933,,0.0999004989049514,,0.058150752500981416,,0.005314617466422006,,0.03013602394197302,
"Mbeya 10MPC, Tanzania-Malawi-Zambia",,,,,,,,,,,,,,,,,,,,,,,,,,,,,,,,,,,,,,,,
"Patna (South) 10MPC, India",,,,,,,,,,,,,,,,,,,,,,,,,,,,,,,,,,,,,,,,
"Katsina 10MPC, Nigeria-Niger",,,,,,,,,,,,,,,,,,,,,,,,,,,,,,,,,,,,,,,,
"Mangaluru 10MPC, India",,,,,,,,,,,,,,,,,,,,,,,,,,,,,,,,,,,,,,,,
"Raipur 10MPC, India",,,,,,,,,,,,,,,,,,,,,,,,,,,,,,,,,,,,,,,,
"Kermanshah 10MPC, Iran-Iraq",,,,,,,,,,,,,,,,,,,,,,,,,,,,,,,,,,,,,,,,
"Vila Velha 10MPC, Brazil",,,,,,,,,,,,,,,,,,,,,,,,,,,,,,,,,,,,,,,,
"Hinthada 10MPC, Myanmar",,,,,,,,,,,,,,,,,,,,,,,,,,,,,,,,,,,,,,,,
"Weinan 10MPC, China",,,,,,,,,,,,,,,,,,,,,,,,,,,,,,,,,,,,,,,,
"Osaka [Kyoto] (Outer) 10MPC, Japan",,,,,,,,,,,,,,,,,,,,,,,,,,,,,,,,,,,,,,,,
"Kozhikode 10MPC, India",,,,,,,,,,,,,,,,,,,,,,,,,,,,,,,,,,,,,,,,
"Jalingo 10MPC, Nigeria-Cameroon",,,,,,,,,,,,,,,,,,,,,,,,,,,,,,,,,,,,,,,,
"Durban 10MPC, South Africa-Lesotho",,,,,,,,,,,,,,,,,,,,,,,,,,,,,,,,,,,,,,,,
"Brahmanbaria 10MPC, Bangladesh",,,,,,,,,,,,,,,,,,,,,,,,,,,,,,,,,,,,,,,,
"Nashik 10MPC, India",,,,,,,,,,,,,,,,,,,,,,,,,,,,,,,,,,,,,,,,
"Ulaanbaatar 10MPC, Russia-China-Mongolia",,,,,,,,,,,,,,,,,,,,,,,,,,,,,,,,,,,,,,,,
"Denpasar 10MPC, Indonesia",,,,,,,,,,,,,,,,,,,,,,,,,,,,,,,,,,,,,,,,
"Sri Ganganagar 10MPC, Pakistan-India",,,,,,,,,,,,,,,,,,,,,,,,,,,,,,,,,,,,,,,,
"Quezon City [Manila] (Further Periphery) 10MPC, Philippines",,,,,,,,,,,,,,,,,,,,,,,,,,,,,,,,,,,,,,,,
"Davao City 10MPC, Philippines",,,,,,,,,,,,,,,,,,,,,,,,,,,,,,,,,,,,,,,,
"Pu'er 10MPC, China-Laos-Thailand",,,,,,,,,,,,,,,,,,,,,,,,,,,,,,,,,,,,,,,,
"Yantai 10MPC, China",,,,,,,,,,,,,,,,,,,,,,,,,,,,,,,,,,,,,,,,
"Kirov 10MPC, Russia-Finland",,,,,,,,,,,,,,,,,,,,,,,,,,,,,,,,,,,,,,,,
"Rajkot 10MPC, India",,,,,,,,,,,,,,,,,,,,,,,,,,,,,,,,,,,,,,,,
"Yuxi 10MPC, China-Vietnam",,,,,,,,,,,,,,,,,,,,,,,,,,,,,,,,,,,,,,,,
"Huizhou 10MPC, China",,,,,,,,,,,,,,,,,,,,,,,,,,,,,,,,,,,,,,,,
"Voronezh 10MPC, Russia",,,,,,,,,,,,,,,,,,,,,,,,,,,,,,,,,,,,,,,,
"Omsk 10MPC, Kazakhstan-Russia",,,,,,,,,,,,,,,,,,,,,,,,,,,,,,,,,,,,,,,,
"Yuncheng 10MPC, China",,,,,,,,,,,,,,,,,,,,,,,,,,,,,,,,,,,,,,,,
"Fushun (Liaoning Sheng) 10MPC, China",,,,,,,,,,,,,,,,,,,,,,,,,,,,,,,,,,,,,,,,
"Rostov-on-Don 10MPC, Russia-Ukraine",,,,,,,,,,,,,,,,,,,,,,,,,,,,,,,,,,,,,,,,
"Xining 10MPC, China",,,,,,,,,,,,,,,,,,,,,,,,,,,,,,,,,,,,,,,,
"Bangui 10MPC, Democratic Republic of the Congo-Central African Republic",,,,,,,,,,,,,,,,,,,,,,,,,,,,,,,,,,,,,,,,
"Medellín 10MPC, Colombia",,,,,,,,,,,,,,,,,,,,,,,,,,,,,,,,,,,,,,,,
"Jakarta (Periphery West) 10MPC, Indonesia",,,,,,,,,,,,,,,,,,,,,,,,,,,,,,,,,,,,,,,,
"Murmansk 10MPC, Russia-Ukraine-Sweden",,,,,,,,,,,,,,,,,,,,,,,,,,,,,,,,,,,,,,,,
"Lubango 10MPC, Angola-Zambia-Democratic Republic of the Congo",,,,,,,,,,,,,,,,,,,,,,,,,,,,,,,,,,,,,,,,
"Yaounde 10MPC, Cameroon",,,,,,,,,,,,,,,,,,,,,,,,,,,,,,,,,,,,,,,,
"Jakarta (Outer) 10MPC, Indonesia",,,,,,,,,,,,,,,,,,,,,,,,,,,,,,,,,,,,,,,,
"Pittsburgh 10MPC, USA",0.011176156251064245,,0.004920498653819593,,0.06201183766274346,,0.01675660318477051,,0.07181332513909387,,0.09861118840962747,,0.149316031218231,,0.047211587218068535,,0.015322205203008046,,0.014341071233573645,,0.09596970240146582,,0.047851349382321905,,0.037405216768191835,,0.0012031671385412373,,0.07539769980723107,,0.0624468562398124,,0.11071977345161726,,0.04418690588313888,,0.010537401505959212,,0.022801423247719582,
"Guangzhou (Center East) 10MPC, China",,,,,,,,,,,,,,,,,,,,,,,,,,,,,,,,,,,,,,,,
"Kharagpur 10MPC, India",,,,,,,,,,,,,,,,,,,,,,,,,,,,,,,,,,,,,,,,
"Taiyuan 10MPC, China",,,,,,,,,,,,,,,,,,,,,,,,,,,,,,,,,,,,,,,,
"Chhindwara 10MPC, India",,,,,,,,,,,,,,,,,,,,,,,,,,,,,,,,,,,,,,,,
"Wanzhou 10MPC, China",,,,,,,,,,,,,,,,,,,,,,,,,,,,,,,,,,,,,,,,
"Almaty 10MPC, Kyrgyzstan-Kazakhstan-China",,,,,,,,,,,,,,,,,,,,,,,,,,,,,,,,,,,,,,,,
"Bathinda 10MPC, India",,,,,,,,,,,,,,,,,,,,,,,,,,,,,,,,,,,,,,,,
"Panzhihua 10MPC, China",,,,,,,,,,,,,,,,,,,,,,,,,,,,,,,,,,,,,,,,
"Colombo (Outer) 10MPC, Sri Lanka",,,,,,,,,,,,,,,,,,,,,,,,,,,,,,,,,,,,,,,,
"Abuja (Abuja Federal Capital Territory) 10MPC, Nigeria",,,,,,,,,,,,,,,,,,,,,,,,,,,,,,,,,,,,,,,,
"Yenagoa 10MPC, Nigeria",,,,,,,,,,,,,,,,,,,,,,,,,,,,,,,,,,,,,,,,
"Dinajpur 10MPC, Bangladesh-India",,,,,,,,,,,,,,,,,,,,,,,,,,,,,,,,,,,,,,,,
"Rome 10MPC, Italy",,,,,,,,,,,,,,,,,,,,,,,,,,,,,,,,,,,,,,,,
"Ballari 10MPC, India",,,,,,,,,,,,,,,,,,,,,,,,,,,,,,,,,,,,,,,,
"Xintai 10MPC, China",,,,,,,,,,,,,,,,,,,,,,,,,,,,,,,,,,,,,,,,
"Goma 10MPC, Democratic Republic of the Congo-Tanzania-Burundi",,,,,,,,,,,,,,,,,,,,,,,,,,,,,,,,,,,,,,,,
"Liupanshui 10MPC, China",,,,,,,,,,,,,,,,,,,,,,,,,,,,,,,,,,,,,,,,
"Cagayan de Oro 10MPC, Philippines",,,,,,,,,,,,,,,,,,,,,,,,,,,,,,,,,,,,,,,,
"Sagar 10MPC, India",,,,,,,,,,,,,,,,,,,,,,,,,,,,,,,,,,,,,,,,
"Salem 10MPC, India",,,,,,,,,,,,,,,,,,,,,,,,,,,,,,,,,,,,,,,,
"Amritsar 10MPC, India-Pakistan",,,,,,,,,,,,,,,,,,,,,,,,,,,,,,,,,,,,,,,,
"Kassel 10MPC, Germany",,,,,,,,,,,,,,,,,,,,,,,,,,,,,,,,,,,,,,,,
"Shaoguan 10MPC, China",,,,,,,,,,,,,,,,,,,,,,,,,,,,,,,,,,,,,,,,
"Makassar 10MPC, Indonesia",,,,,,,,,,,,,,,,,,,,,,,,,,,,,,,,,,,,,,,,
"Linyi (Southern Shandong Sheng) 10MPC, China",,,,,,,,,,,,,,,,,,,,,,,,,,,,,,,,,,,,,,,,
"Sendai 10MPC, Japan",,,,,,,,,,,,,,,,,,,,,,,,,,,,,,,,,,,,,,,,
"Homel 10MPC, Russia-Belarus-Ukraine",,,,,,,,,,,,,,,,,,,,,,,,,,,,,,,,,,,,,,,,
"Ilorin 10MPC, Nigeria",,,,,,,,,,,,,,,,,,,,,,,,,,,,,,,,,,,,,,,,
"Caracas 10MPC, Venezuela",,,,,,,,,,,,,,,,,,,,,,,,,,,,,,,,,,,,,,,,
"Ürümqi 10MPC, China",,,,,,,,,,,,,,,,,,,,,,,,,,,,,,,,,,,,,,,,
"Harare 10MPC, Zimbabwe",,,,,,,,,,,,,,,,,,,,,,,,,,,,,,,,,,,,,,,,
"Kampala (Center) 10MPC, Uganda",,,,,,,,,,,,,,,,,,,,,,,,,,,,,,,,,,,,,,,,
"Astrakhan 10MPC, Iran-Russia-Kazakhstan",,,,,,,,,,,,,,,,,,,,,,,,,,,,,,,,,,,,,,,,
"Baoji 10MPC, China",,,,,,,,,,,,,,,,,,,,,,,,,,,,,,,,,,,,,,,,
"Gdansk 10MPC, Poland",,,,,,,,,,,,,,,,,,,,,,,,,,,,,,,,,,,,,,,,
"Muzaffarpur 10MPC, India-Nepal",,,,,,,,,,,,,,,,,,,,,,,,,,,,,,,,,,,,,,,,
"Mexico City (Outer) 10MPC, Mexico",,,,,,,,,,,,,,,,,,,,,,,,,,,,,,,,,,,,,,,,
"Dalian (Center) 10MPC, China",,,,,,,,,,,,,,,,,,,,,,,,,,,,,,,,,,,,,,,,
"Macapá 10MPC, Brazil-Venezuela-France",,,,,,,,,,,,,,,,,,,,,,,,,,,,,,,,,,,,,,,,
"Samsun 10MPC, Russia-Turkey-Georgia",,,,,,,,,,,,,,,,,,,,,,,,,,,,,,,,,,,,,,,,
"Bulandshahr 10MPC, India",,,,,,,,,,,,,,,,,,,,,,,,,,,,,,,,,,,,,,,,
"Sikar 10MPC, India",,,,,,,,,,,,,,,,,,,,,,,,,,,,,,,,,,,,,,,,
"Atlanta 10MPC, USA",0.005343183122564691,,0.0008116328078490276,,0.0749945232966252,,0.018292544483413196,,0.07003766057348175,,0.08991420264556475,,0.11807991753894057,,0.04515146148697751,,0.021664858489091398,,0.02315730411516537,,0.11157287046403869,,0.04817473962535894,,0.04876580264468688,,0.0018749611277574048,,0.08771350174425148,,0.03542678807417319,,0.11267358205665488,,0.049848289259629926,,0.00861922638257229,,0.027882950061203133,
"Bikaner 10MPC, India",,,,,,,,,,,,,,,,,,,,,,,,,,,,,,,,,,,,,,,,
"Lilongwe 10MPC, Malawi-Zambia",,,,,,,,,,,,,,,,,,,,,,,,,,,,,,,,,,,,,,,,
"Jamnagar 10MPC, India-Oman-Iran",,,,,,,,,,,,,,,,,,,,,,,,,,,,,,,,,,,,,,,,
"Jiujiang 10MPC, China",,,,,,,,,,,,,,,,,,,,,,,,,,,,,,,,,,,,,,,,
"Niamey 10MPC, Niger-Nigeria",,,,,,,,,,,,,,,,,,,,,,,,,,,,,,,,,,,,,,,,
"Kuito 10MPC, Angola",,,,,,,,,,,,,,,,,,,,,,,,,,,,,,,,,,,,,,,,
"Tegal 10MPC, Indonesia",,,,,,,,,,,,,,,,,,,,,,,,,,,,,,,,,,,,,,,,
"Montreal 10MPC, Canada-USA",,,,,,,,,,,,,,,,,,,,,,,,,,,,,,,,,,,,,,,,
"Palembang 10MPC, Indonesia",,,,,,,,,,,,,,,,,,,,,,,,,,,,,,,,,,,,,,,,
"Campinas 10MPC, Brazil",,,,,,,,,,,,,,,,,,,,,,,,,,,,,,,,,,,,,,,,
"Yiwu 10MPC, China",,,,,,,,,,,,,,,,,,,,,,,,,,,,,,,,,,,,,,,,
"Duyun 10MPC, China",,,,,,,,,,,,,,,,,,,,,,,,,,,,,,,,,,,,,,,,
"Darjeeling 10MPC, India-Nepal-Bhutan",,,,,,,,,,,,,,,,,,,,,,,,,,,,,,,,,,,,,,,,
"Indore 10MPC, India",,,,,,,,,,,,,,,,,,,,,,,,,,,,,,,,,,,,,,,,
"Udaipur (Rājasthān) 10MPC, India",,,,,,,,,,,,,,,,,,,,,,,,,,,,,,,,,,,,,,,,
"Tehran (Center) 10MPC, Iran",,,,,,,,,,,,,,,,,,,,,,,,,,,,,,,,,,,,,,,,
"Guayaquil 10MPC, Ecuador",,,,,,,,,,,,,,,,,,,,,,,,,,,,,,,,,,,,,,,,
"Nekemte 10MPC, Ethiopia",,,,,,,,,,,,,,,,,,,,,,,,,,,,,,,,,,,,,,,,
"Jhang 10MPC, Pakistan",,,,,,,,,,,,,,,,,,,,,,,,,,,,,,,,,,,,,,,,
"Visakhapatnam 10MPC, India",,,,,,,,,,,,,,,,,,,,,,,,,,,,,,,,,,,,,,,,
"Minsk 10MPC, Belarus-Lithuania-Latvia",,,,,,,,,,,,,,,,,,,,,,,,,,,,,,,,,,,,,,,,
"Lanzhou 10MPC, China",,,,,,,,,,,,,,,,,,,,,,,,,,,,,,,,,,,,,,,,
"Cebu City (Center) 10MPC, Philippines",,,,,,,,,,,,,,,,,,,,,,,,,,,,,,,,,,,,,,,,
"Kota 10MPC, India",,,,,,,,,,,,,,,,,,,,,,,,,,,,,,,,,,,,,,,,
"Bijnor 10MPC, India-Nepal",,,,,,,,,,,,,,,,,,,,,,,,,,,,,,,,,,,,,,,,
"Norwich 10MPC, Netherlands-United Kingdom-Germany",,,,,,,,,,,,,,,,,,,,,,,,,,,,,,,,,,,,,,,,
"Warsaw 10MPC, Poland",,,,,,,,,,,,,,,,,,,,,,,,,,,,,,,,,,,,,,,,
"Zhumadian 10MPC, China",,,,,,,,,,,,,,,,,,,,,,,,,,,,,,,,,,,,,,,,
"Sirajganj 10MPC, Bangladesh",,,,,,,,,,,,,,,,,,,,,,,,,,,,,,,,,,,,,,,,
"Kakinada 10MPC, India",,,,,,,,,,,,,,,,,,,,,,,,,,,,,,,,,,,,,,,,
"Modinagar 10MPC, India-Nepal",,,,,,,,,,,,,,,,,,,,,,,,,,,,,,,,,,,,,,,,
"Shymkent 10MPC, Kazakhstan-Uzbekistan-Tajikistan",,,,,,,,,,,,,,,,,,,,,,,,,,,,,,,,,,,,,,,,
"Bayannur 10MPC, China",,,,,,,,,,,,,,,,,,,,,,,,,,,,,,,,,,,,,,,,
"Kathmandu 10MPC, Nepal-India",,,,,,,,,,,,,,,,,,,,,,,,,,,,,,,,,,,,,,,,
"Denver 10MPC, USA",0.00901325668381496,,0.010409537652484887,,0.06934485893262059,,0.024320211590935063,,0.07871280143937896,,0.09623952796275115,,0.1220939868199512,,0.0489526558175591,,0.022604256584522434,,0.02380992372045612,,0.07624887024296878,,0.04765292374980089,,0.04200292127289898,,0.0013715751920644382,,0.09595179859611147,,0.04918398240630218,,0.10827597641551127,,0.042254044880835985,,0.008226618825755278,,0.023330271213276393,
"Hatisala 10MPC, Bangladesh-India",,,,,,,,,,,,,,,,,,,,,,,,,,,,,,,,,,,,,,,,
"Pekanbaru 10MPC, Indonesia",,,,,,,,,,,,,,,,,,,,,,,,,,,,,,,,,,,,,,,,
"Agadez 10MPC, Nigeria-Niger",,,,,,,,,,,,,,,,,,,,,,,,,,,,,,,,,,,,,,,,
"Petrolina 10MPC, Brazil",,,,,,,,,,,,,,,,,,,,,,,,,,,,,,,,,,,,,,,,
"Sitamarhi 10MPC, India-Nepal",,,,,,,,,,,,,,,,,,,,,,,,,,,,,,,,,,,,,,,,
"Yulin (Guangxi Zhuangzu Zizhiqu) 10MPC, China",,,,,,,,,,,,,,,,,,,,,,,,,,,,,,,,,,,,,,,,
"Kanazawa 10MPC, Japan",,,,,,,,,,,,,,,,,,,,,,,,,,,,,,,,,,,,,,,,
"Gorakhpur 10MPC, India",,,,,,,,,,,,,,,,,,,,,,,,,,,,,,,,,,,,,,,,
"Munger 10MPC, India",,,,,,,,,,,,,,,,,,,,,,,,,,,,,,,,,,,,,,,,
"Baotou 10MPC, China",,,,,,,,,,,,,,,,,,,,,,,,,,,,,,,,,,,,,,,,
"Taunggyi 10MPC, Myanmar",,,,,,,,,,,,,,,,,,,,,,,,,,,,,,,,,,,,,,,,
"Dodoma 10MPC, Tanzania",,,,,,,,,,,,,,,,,,,,,,,,,,,,,,,,,,,,,,,,
"Charlotte 10MPC, USA",0.007796811576131149,,0.0010148749473541945,,0.0683345287202294,,0.01641731996661437,,0.0668110992788401,,0.08959898389045685,,0.13558019636212343,,0.055068236561536796,,0.01740061400585007,,0.017003643440170694,,0.12823022433877942,,0.04871147196107373,,0.04287760017683255,,0.0012572896226266234,,0.07430456081712236,,0.03973076098690794,,0.11177521715034139,,0.04351597345469579,,0.00893981062698195,,0.025630782115331204,
"Sylhet 10MPC, Bangladesh",,,,,,,,,,,,,,,,,,,,,,,,,,,,,,,,,,,,,,,,
"Agra 10MPC, India",,,,,,,,,,,,,,,,,,,,,,,,,,,,,,,,,,,,,,,,
"Baoshan (Yunnan Sheng) 10MPC, China",,,,,,,,,,,,,,,,,,,,,,,,,,,,,,,,,,,,,,,,
"Zamboanga City 10MPC, Philippines-Indonesia",,,,,,,,,,,,,,,,,,,,,,,,,,,,,,,,,,,,,,,,
"Rohtak 10MPC, India",,,,,,,,,,,,,,,,,,,,,,,,,,,,,,,,,,,,,,,,
"Patna (North) 10MPC, India",,,,,,,,,,,,,,,,,,,,,,,,,,,,,,,,,,,,,,,,
"Monterrey 10MPC, Mexico-USA",,,,,,,,,,,,,,,,,,,,,,,,,,,,,,,,,,,,,,,,
"Kanpur 10MPC, India",,,,,,,,,,,,,,,,,,,,,,,,,,,,,,,,,,,,,,,,
"Myeik 10MPC, Thailand-Myanmar-Vietnam",,,,,,,,,,,,,,,,,,,,,,,,,,,,,,,,,,,,,,,,
"Kampala (Outer) 10MPC, Uganda",,,,,,,,,,,,,,,,,,,,,,,,,,,,,,,,,,,,,,,,
"Surabaya (East) 10MPC, Indonesia",,,,,,,,,,,,,,,,,,,,,,,,,,,,,,,,,,,,,,,,
"Londrina 10MPC, Brazil",,,,,,,,,,,,,,,,,,,,,,,,,,,,,,,,,,,,,,,,
"Ahmadpur East 10MPC, Pakistan-India",,,,,,,,,,,,,,,,,,,,,,,,,,,,,,,,,,,,,,,,
"Gonda 10MPC, India-Nepal",,,,,,,,,,,,,,,,,,,,,,,,,,,,,,,,,,,,,,,,
"Yangquan 10MPC, China",,,,,,,,,,,,,,,,,,,,,,,,,,,,,,,,,,,,,,,,
"Jakarta (Further Periphery) 10MPC, Indonesia",,,,,,,,,,,,,,,,,,,,,,,,,,,,,,,,,,,,,,,,
"Mérida 10MPC, Mexico-Guatemala",,,,,,,,,,,,,,,,,,,,,,,,,,,,,,,,,,,,,,,,
"Lyon 10MPC, France-Switzerland-Italy",,,,,,,,,,,,,,,,,,,,,,,,,,,,,,,,,,,,,,,,
"Graz 10MPC, Austria-Slovenia-Italy",,,,,,,,,,,,,,,,,,,,,,,,,,,,,,,,,,,,,,,,
"Varanasi 10MPC, India",,,,,,,,,,,,,,,,,,,,,,,,,,,,,,,,,,,,,,,,
"Cotonou 10MPC, Nigeria-Benin",,,,,,,,,,,,,,,,,,,,,,,,,,,,,,,,,,,,,,,,
"Amman 10MPC, Jordan-State of Palestine",,,,,,,,,,,,,,,,,,,,,,,,,,,,,,,,,,,,,,,,
"Haldwani 10MPC, India",,,,,,,,,,,,,,,,,,,,,,,,,,,,,,,,,,,,,,,,
"Semarang 10MPC, Indonesia",,,,,,,,,,,,,,,,,,,,,,,,,,,,,,,,,,,,,,,,
"Ho Chi Minh City (Outer) 10MPC, Vietnam",,,,,,,,,,,,,,,,,,,,,,,,,,,,,,,,,,,,,,,,
"Myitkyina 10MPC, Myanmar-China",,,,,,,,,,,,,,,,,,,,,,,,,,,,,,,,,,,,,,,,
"Begusarai 10MPC, India",,,,,,,,,,,,,,,,,,,,,,,,,,,,,,,,,,,,,,,,
"Itahari 10MPC, India-Nepal",,,,,,,,,,,,,,,,,,,,,,,,,,,,,,,,,,,,,,,,
"Dhaka (Outer North) 10MPC, Bangladesh",,,,,,,,,,,,,,,,,,,,,,,,,,,,,,,,,,,,,,,,
"Jodhpur 10MPC, India",,,,,,,,,,,,,,,,,,,,,,,,,,,,,,,,,,,,,,,,
"Ribeirao Preto 10MPC, Brazil",,,,,,,,,,,,,,,,,,,,,,,,,,,,,,,,,,,,,,,,
"Vadodara (North) 10MPC, India",,,,,,,,,,,,,,,,,,,,,,,,,,,,,,,,,,,,,,,,
"Houston 10MPC, USA",0.004524395809546589,,0.024239739714617986,,0.06991146602219694,,0.014907571524028156,,0.09121629312433824,,0.09694269989744687,,0.11137097390122387,,0.04062721893284922,,0.021953197995763358,,0.017075121193232155,,0.08867541490767748,,0.05026390196470673,,0.0444039755016679,,0.00248624737615935,,0.09078102862269137,,0.03808759378864739,,0.10479286400010251,,0.04938104448798174,,0.01029062722871581,,0.02806862400640628,
"Chicago (Outer) 10MPC, USA",0.012428444070277617,,0.0009502000357762368,,0.06579416088026625,,0.016570513915809503,,0.06108298756884561,,0.08705989941672117,,0.14495125875799483,,0.040873258068218114,,0.013723651555307853,,0.013290236808180304,,0.19072254278118778,,0.04620164067174646,,0.035415486774506476,,0.0011862627504153288,,0.04758584132844692,,0.035006002211278954,,0.10854888938388665,,0.044526088220934054,,0.008188612533262807,,0.025894022266937135,
"Comilla (North) 10MPC, Bangladesh",,,,,,,,,,,,,,,,,,,,,,,,,,,,,,,,,,,,,,,,
"Chifeng 10MPC, China",,,,,,,,,,,,,,,,,,,,,,,,,,,,,,,,,,,,,,,,
"Sana'a 10MPC, Yemen",,,,,,,,,,,,,,,,,,,,,,,,,,,,,,,,,,,,,,,,
"Basti 10MPC, India",,,,,,,,,,,,,,,,,,,,,,,,,,,,,,,,,,,,,,,,
"Maputo 10MPC, South Africa-Mozambique",,,,,,,,,,,,,,,,,,,,,,,,,,,,,,,,,,,,,,,,
"Mansoura 10MPC, Egypt",,,,,,,,,,,,,,,,,,,,,,,,,,,,,,,,,,,,,,,,
"Sofia 10MPC, Serbia-North Macedonia-Bulgaria",,,,,,,,,,,,,,,,,,,,,,,,,,,,,,,,,,,,,,,,
"Bandar Lampung 10MPC, Indonesia",,,,,,,,,,,,,,,,,,,,,,,,,,,,,,,,,,,,,,,,
"Mazar i sharif 10MPC, Afghanistan",,,,,,,,,,,,,,,,,,,,,,,,,,,,,,,,,,,,,,,,
"Pune 10MPC, India",,,,,,,,,,,,,,,,,,,,,,,,,,,,,,,,,,,,,,,,
"Qingdao 10MPC, China",,,,,,,,,,,,,,,,,,,,,,,,,,,,,,,,,,,,,,,,
"Ningde 10MPC, China",,,,,,,,,,,,,,,,,,,,,,,,,,,,,,,,,,,,,,,,
"Guiyang (Guizhou Sheng) 10MPC, China",,,,,,,,,,,,,,,,,,,,,,,,,,,,,,,,,,,,,,,,
"Kunming 10MPC, China",,,,,,,,,,,,,,,,,,,,,,,,,,,,,,,,,,,,,,,,
"Aba 10MPC, Nigeria",,,,,,,,,,,,,,,,,,,,,,,,,,,,,,,,,,,,,,,,
"Rewa, Madhya Pradesh 10MPC, India",,,,,,,,,,,,,,,,,,,,,,,,,,,,,,,,,,,,,,,,
"Hotan 10MPC, China-India-Pakistan",,,,,,,,,,,,,,,,,,,,,,,,,,,,,,,,,,,,,,,,
"Cuernavaca 10MPC, Mexico",,,,,,,,,,,,,,,,,,,,,,,,,,,,,,,,,,,,,,,,
"Garissa 10MPC, Kenya-Tanzania",,,,,,,,,,,,,,,,,,,,,,,,,,,,,,,,,,,,,,,,
"Merauke 10MPC, Papua New Guinea-Indonesia",,,,,,,,,,,,,,,,,,,,,,,,,,,,,,,,,,,,,,,,
"Mumbai (Periphery) 10MPC, India",,,,,,,,,,,,,,,,,,,,,,,,,,,,,,,,,,,,,,,,
"Leshan 10MPC, China",,,,,,,,,,,,,,,,,,,,,,,,,,,,,,,,,,,,,,,,
"Gwalior (Outer) 10MPC, India",,,,,,,,,,,,,,,,,,,,,,,,,,,,,,,,,,,,,,,,
"Uvira 10MPC, Burundi-Democratic Republic of the Congo-Rwanda",,,,,,,,,,,,,,,,,,,,,,,,,,,,,,,,,,,,,,,,
"Chandrapur (Mahārāshtra) 10MPC, India",,,,,,,,,,,,,,,,,,,,,,,,,,,,,,,,,,,,,,,,
"Mexicali 10MPC, USA-Mexico",,,,,,,,,,,,,,,,,,,,,,,,,,,,,,,,,,,,,,,,
"Yichang (Center) 10MPC, China",,,,,,,,,,,,,,,,,,,,,,,,,,,,,,,,,,,,,,,,
"Cẩm Phả 10MPC, China-Myanmar-Vietnam",,,,,,,,,,,,,,,,,,,,,,,,,,,,,,,,,,,,,,,,
"Fuyang (Anhui Sheng) 10MPC, China",,,,,,,,,,,,,,,,,,,,,,,,,,,,,,,,,,,,,,,,
"San Luis Potosí 10MPC, Mexico",,,,,,,,,,,,,,,,,,,,,,,,,,,,,,,,,,,,,,,,
"Meerut 10MPC, India",,,,,,,,,,,,,,,,,,,,,,,,,,,,,,,,,,,,,,,,
"Shillong 10MPC, India-China-Myanmar",,,,,,,,,,,,,,,,,,,,,,,,,,,,,,,,,,,,,,,,
"Kaifeng 10MPC, China",,,,,,,,,,,,,,,,,,,,,,,,,,,,,,,,,,,,,,,,
"Rio de Janeiro (Outer) 10MPC, Brazil",,,,,,,,,,,,,,,,,,,,,,,,,,,,,,,,,,,,,,,,
"Nellore 10MPC, India",,,,,,,,,,,,,,,,,,,,,,,,,,,,,,,,,,,,,,,,
"Al-Ubayyid 10MPC, Sudan-South Sudan",,,,,,,,,,,,,,,,,,,,,,,,,,,,,,,,,,,,,,,,
"Lucknow (East) 10MPC, India",,,,,,,,,,,,,,,,,,,,,,,,,,,,,,,,,,,,,,,,
"Damietta 10MPC, Egypt",,,,,,,,,,,,,,,,,,,,,,,,,,,,,,,,,,,,,,,,
"Zhangzhou 10MPC, China",,,,,,,,,,,,,,,,,,,,,,,,,,,,,,,,,,,,,,,,
"Ankara 10MPC, Turkey",,,,,,,,,,,,,,,,,,,,,,,,,,,,,,,,,,,,,,,,
"Okene 10MPC, Nigeria",,,,,,,,,,,,,,,,,,,,,,,,,,,,,,,,,,,,,,,,
"Mirzapur 10MPC, India",,,,,,,,,,,,,,,,,,,,,,,,,,,,,,,,,,,,,,,,
"Abéché 10MPC, Chad-Sudan",,,,,,,,,,,,,,,,,,,,,,,,,,,,,,,,,,,,,,,,
"Indianapolis 10MPC, USA",0.007858295907952194,,0.0009747258825663003,,0.06686665908766963,,0.018091430087508544,,0.05721750945332355,,0.08791540719544301,,0.147520329340509,,0.05202811104300288,,0.016182954331929563,,0.015004993745556708,,0.14360550736760724,,0.04268577268116712,,0.03860067274036236,,0.0015999440971690012,,0.06830411270282194,,0.04069625705617208,,0.10995745581530428,,0.05221605310224065,,0.007317390150146967,,0.02535641821154716,
"Moradabad 10MPC, India",,,,,,,,,,,,,,,,,,,,,,,,,,,,,,,,,,,,,,,,
"Glasgow 10MPC, United Kingdom",,,,,,,,,,,,,,,,,,,,,,,,,,,,,,,,,,,,,,,,
"Siwan 10MPC, India",,,,,,,,,,,,,,,,,,,,,,,,,,,,,,,,,,,,,,,,
"Ezhou 10MPC, China",,,,,,,,,,,,,,,,,,,,,,,,,,,,,,,,,,,,,,,,
"Linfen 10MPC, China",,,,,,,,,,,,,,,,,,,,,,,,,,,,,,,,,,,,,,,,
"Enugu 10MPC, Nigeria",,,,,,,,,,,,,,,,,,,,,,,,,,,,,,,,,,,,,,,,
"Luxor 10MPC, Egypt",,,,,,,,,,,,,,,,,,,,,,,,,,,,,,,,,,,,,,,,
"Lixian 10MPC, China",,,,,,,,,,,,,,,,,,,,,,,,,,,,,,,,,,,,,,,,
"Izmir 10MPC, Turkey",,,,,,,,,,,,,,,,,,,,,,,,,,,,,,,,,,,,,,,,
"Khon Kaen 10MPC, Thailand",,,,,,,,,,,,,,,,,,,,,,,,,,,,,,,,,,,,,,,,
"Chiclayo 10MPC, Peru-Ecuador",,,,,,,,,,,,,,,,,,,,,,,,,,,,,,,,,,,,,,,,
"Aberdeen 10MPC, United Kingdom-Ireland-France",,,,,,,,,,,,,,,,,,,,,,,,,,,,,,,,,,,,,,,,
"Sokoto 10MPC, Nigeria-Niger",,,,,,,,,,,,,,,,,,,,,,,,,,,,,,,,,,,,,,,,
"Benin City 10MPC, Nigeria",,,,,,,,,,,,,,,,,,,,,,,,,,,,,,,,,,,,,,,,
"Hardoi 10MPC, India",,,,,,,,,,,,,,,,,,,,,,,,,,,,,,,,,,,,,,,,
"San Salvador 10MPC, Guatemala-El Salvador",,,,,,,,,,,,,,,,,,,,,,,,,,,,,,,,,,,,,,,,
"Bhopal 10MPC, India",,,,,,,,,,,,,,,,,,,,,,,,,,,,,,,,,,,,,,,,
"Ettumanoor 10MPC, India",,,,,,,,,,,,,,,,,,,,,,,,,,,,,,,,,,,,,,,,
"Sfax 10MPC, Algeria-Tunisia",,,,,,,,,,,,,,,,,,,,,,,,,,,,,,,,,,,,,,,,
"Tabriz 10MPC, Iran-Armenia-Turkey",,,,,,,,,,,,,,,,,,,,,,,,,,,,,,,,,,,,,,,,
"Abidjan 10MPC, Ivory Coast",,,,,,,,,,,,,,,,,,,,,,,,,,,,,,,,,,,,,,,,
"Ambikapur 10MPC, India",,,,,,,,,,,,,,,,,,,,,,,,,,,,,,,,,,,,,,,,
"Wad Madanī 10MPC, Sudan",,,,,,,,,,,,,,,,,,,,,,,,,,,,,,,,,,,,,,,,
"Dera Ghazi Khan 10MPC, Pakistan",,,,,,,,,,,,,,,,,,,,,,,,,,,,,,,,,,,,,,,,
"Toronto 10MPC, Canada",,0.004643241452649935,,0.000401085208050874,,0.053354794996623586,,0.015541619887806541,,0.071990457643343,,0.07450931974490306,,0.11293513246074212,,0.07007062884276424,,0.02208167718529572,,0.02620457997329713,,0.09485054642303505,,0.038177122000601915,,0.04668135008951357,,0.002777287770202077,,0.11293818878921259,,0.039147267986777305,,0.11277029886233451,,0.058682466021404096,,0.0040259110989403065,,0.0382170235625023
"El Alto [La Paz] 10MPC, Bolivia",,,,,,,,,,,,,,,,,,,,,,,,,,,,,,,,,,,,,,,,
"Burhanpur 10MPC, India",,,,,,,,,,,,,,,,,,,,,,,,,,,,,,,,,,,,,,,,
"Jieyang (Outer) 10MPC, China",,,,,,,,,,,,,,,,,,,,,,,,,,,,,,,,,,,,,,,,
"Tegucigalpa 10MPC, Honduras-El Salvador",,,,,,,,,,,,,,,,,,,,,,,,,,,,,,,,,,,,,,,,
"Tbilisi 10MPC, Russia-Georgia",,,,,,,,,,,,,,,,,,,,,,,,,,,,,,,,,,,,,,,,
"Bamako (West) 10MPC, Mali-Guinea-Senegal",,,,,,,,,,,,,,,,,,,,,,,,,,,,,,,,,,,,,,,,
"Tuban 10MPC, Indonesia",,,,,,,,,,,,,,,,,,,,,,,,,,,,,,,,,,,,,,,,
"Nanning 10MPC, China",,,,,,,,,,,,,,,,,,,,,,,,,,,,,,,,,,,,,,,,
"Saint-Denis 10MPC, Madagascar-France",,,,,,,,,,,,,,,,,,,,,,,,,,,,,,,,,,,,,,,,
"Aurangabad (Mahārāshtra) 10MPC, India",,,,,,,,,,,,,,,,,,,,,,,,,,,,,,,,,,,,,,,,
"Jiamusi 10MPC, China",,,,,,,,,,,,,,,,,,,,,,,,,,,,,,,,,,,,,,,,
"Basra 10MPC, Iraq-Iran",,,,,,,,,,,,,,,,,,,,,,,,,,,,,,,,,,,,,,,,
"Pontianak 10MPC, Indonesia-Malaysia",,,,,,,,,,,,,,,,,,,,,,,,,,,,,,,,,,,,,,,,
"Changzhi 10MPC, China",,,,,,,,,,,,,,,,,,,,,,,,,,,,,,,,,,,,,,,,
"Barmer 10MPC, India-Pakistan",,,,,,,,,,,,,,,,,,,,,,,,,,,,,,,,,,,,,,,,
"Newport News 10MPC, USA-Canada",,,,,,,,,,,,,,,,,,,,,,,,,,,,,,,,,,,,,,,,
"Puducherry 10MPC, India",,,,,,,,,,,,,,,,,,,,,,,,,,,,,,,,,,,,,,,,
"Taichung 10MPC, China",,,,,,,,,,,,,,,,,,,,,,,,,,,,,,,,,,,,,,,,
"Bujumbura 10MPC, Burundi-Rwanda-Democratic Republic of the Congo",,,,,,,,,,,,,,,,,,,,,,,,,,,,,,,,,,,,,,,,
"Málaga 10MPC, Spain-Algeria-Morocco",,,,,,,,,,,,,,,,,,,,,,,,,,,,,,,,,,,,,,,,
"Ya'an 10MPC, China",,,,,,,,,,,,,,,,,,,,,,,,,,,,,,,,,,,,,,,,
"花都区 10MPC, China",,,,,,,,,,,,,,,,,,,,,,,,,,,,,,,,,,,,,,,,
"Asansol (Center) 10MPC, India",,,,,,,,,,,,,,,,,,,,,,,,,,,,,,,,,,,,,,,,
"Jingzhou (Hubei Sheng) 10MPC, China",,,,,,,,,,,,,,,,,,,,,,,,,,,,,,,,,,,,,,,,
"Herat 10MPC, Afghanistan",,,,,,,,,,,,,,,,,,,,,,,,,,,,,,,,,,,,,,,,
"Lisbon (Center) 10MPC, Portugal-Spain",,,,,,,,,,,,,,,,,,,,,,,,,,,,,,,,,,,,,,,,
"Belém 10MPC, Brazil",,,,,,,,,,,,,,,,,,,,,,,,,,,,,,,,,,,,,,,,
"Bamako (East) 10MPC, Mali",,,,,,,,,,,,,,,,,,,,,,,,,,,,,,,,,,,,,,,,
"Thalassery 10MPC, India",,,,,,,,,,,,,,,,,,,,,,,,,,,,,,,,,,,,,,,,
"Nukus 10MPC, Turkmenistan-Uzbekistan-Iran",,,,,,,,,,,,,,,,,,,,,,,,,,,,,,,,,,,,,,,,
"Manaus 10MPC, Brazil",,,,,,,,,,,,,,,,,,,,,,,,,,,,,,,,,,,,,,,,
"Guadalajara 10MPC, Mexico",,,,,,,,,,,,,,,,,,,,,,,,,,,,,,,,,,,,,,,,
"Maracaibo 10MPC, Venezuela",,,,,,,,,,,,,,,,,,,,,,,,,,,,,,,,,,,,,,,,
"Phuket 10MPC, Thailand-Indonesia",,,,,,,,,,,,,,,,,,,,,,,,,,,,,,,,,,,,,,,,
"Chaoyang 10MPC, China",,,,,,,,,,,,,,,,,,,,,,,,,,,,,,,,,,,,,,,,
"Mianyang 10MPC, China",,,,,,,,,,,,,,,,,,,,,,,,,,,,,,,,,,,,,,,,
"Samarinda 10MPC, Indonesia",,,,,,,,,,,,,,,,,,,,,,,,,,,,,,,,,,,,,,,,
"Mong Cai 10MPC, China-Vietnam",,,,,,,,,,,,,,,,,,,,,,,,,,,,,,,,,,,,,,,,
"Lucknow (West) 10MPC, India",,,,,,,,,,,,,,,,,,,,,,,,,,,,,,,,,,,,,,,,
"Baton Rouge 10MPC, USA",0.014551805783545564,,0.01784284635943531,,0.07007528321868634,,0.016955942146276992,,0.07694749888926555,,0.09735967051394404,,0.15368322252421818,,0.03552487897556074,,0.014275341599988133,,0.01318796617711633,,0.10113394408429392,,0.050203039768805996,,0.03660818815645994,,0.0006515137501383073,,0.044709011419251876,,0.05420987523095776,,0.11624608046193441,,0.04986010897833808,,0.010947324332646745,,0.02502645762913583,
"Tahoua 10MPC, Niger-Nigeria",,,,,,,,,,,,,,,,,,,,,,,,,,,,,,,,,,,,,,,,
"Marrakesh 10MPC, Morocco",,,,,,,,,,,,,,,,,,,,,,,,,,,,,,,,,,,,,,,,
"Angul 10MPC, India",,,,,,,,,,,,,,,,,,,,,,,,,,,,,,,,,,,,,,,,
"Satara 10MPC, India",,,,,,,,,,,,,,,,,,,,,,,,,,,,,,,,,,,,,,,,
"Athens (Center) 10MPC, Greece-Albania-Italy",,,,,,,,,,,,,,,,,,,,,,,,,,,,,,,,,,,,,,,,
"Adelaide 10MPC, Papua New Guinea-Australia-Indonesia",,,,,,,,,,,,,,,,,,,,,,,,,,,,,,,,,,,,,,,,
"Serrekunda 10MPC, Senegal-The Gambia",,,,,,,,,,,,,,,,,,,,,,,,,,,,,,,,,,,,,,,,
"Brazzaville (Center) 10MPC, Democratic Republic of the Congo-Congo-Angola",,,,,,,,,,,,,,,,,,,,,,,,,,,,,,,,,,,,,,,,
"Gaza 10MPC, Egypt-State of Palestine-Israel",,,,,,,,,,,,,,,,,,,,,,,,,,,,,,,,,,,,,,,,
"Riyadh (Center) 10MPC, Saudi Arabia",,,,,,,,,,,,,,,,,,,,,,,,,,,,,,,,,,,,,,,,
"Nouakchott 10MPC, Morocco-Mauritania-Spain",,,,,,,,,,,,,,,,,,,,,,,,,,,,,,,,,,,,,,,,
"Hamhung 10MPC, North Korea-China",,,,,,,,,,,,,,,,,,,,,,,,,,,,,,,,,,,,,,,,
"Las Vegas 10MPC, USA",0.03741986311505313,,0.0037110200749297,,0.08956102314794084,,0.038986886345011136,,0.06908731833278303,,0.08585049932527604,,0.12279415672063176,,0.03553893665082727,,0.021610063139987836,,0.02631782541925064,,0.06771470379448867,,0.049522939189650395,,0.049593860343150165,,0.0009783608211882489,,0.06429182039068403,,0.048372131068202644,,0.1063511906371433,,0.0513972031886454,,0.0068940887998886246,,0.02400610949526697,
"Kisangani 10MPC, Democratic Republic of the Congo-South Sudan",,,,,,,,,,,,,,,,,,,,,,,,,,,,,,,,,,,,,,,,
"Madrid 10MPC, Spain",,,,,,,,,,,,,,,,,,,,,,,,,,,,,,,,,,,,,,,,
"San José 10MPC, Costa Rica-Panama",,,,,,,,,,,,,,,,,,,,,,,,,,,,,,,,,,,,,,,,
"Lisbon (Outer) 10MPC, Spain-Portugal",,,,,,,,,,,,,,,,,,,,,,,,,,,,,,,,,,,,,,,,
"Nassau 10MPC, USA-Cuba-Dominican Republic",,,,,,,,,,,,,,,,,,,,,,,,,,,,,,,,,,,,,,,,
"Socoura 10MPC, Mali-Burkina Faso-Niger",,,,,,,,,,,,,,,,,,,,,,,,,,,,,,,,,,,,,,,,
"San Antonio 10MPC, USA",0.016957225337941747,,0.030552241858346558,,0.07890747342841581,,0.014076184107546987,,0.0859443022024787,,0.10011621041434964,,0.1282926285813229,,0.0444146326899088,,0.01827256628147757,,0.013248026828280536,,0.072609741506131,,0.049891659511509985,,0.04057674116096587,,0.0009978763417817953,,0.05211255389704335,,0.0556175162896063,,0.11504174295325421,,0.04713739936893588,,0.011240954857799464,,0.023992322382902664,
"Shiraz 10MPC, Iran",,,,,,,,,,,,,,,,,,,,,,,,,,,,,,,,,,,,,,,,
"Campo Grande 10MPC, Brazil",,,,,,,,,,,,,,,,,,,,,,,,,,,,,,,,,,,,,,,,
"Windhoek 10MPC, South Africa-Botswana-Zambia",,,,,,,,,,,,,,,,,,,,,,,,,,,,,,,,,,,,,,,,
"Portland (Oregon-Washington) 10MPC, USA-Canada",,,,,,,,,,,,,,,,,,,,,,,,,,,,,,,,,,,,,,,,
"Teresina 10MPC, Brazil",,,,,,,,,,,,,,,,,,,,,,,,,,,,,,,,,,,,,,,,
"Veraval 10MPC, India",,,,,,,,,,,,,,,,,,,,,,,,,,,,,,,,,,,,,,,,
"Melbourne 10MPC, Australia",,,,,,,,,,,,,,,,,,,,,,,,,,,,,,,,,,,,,,,,
"Kamsar 10MPC, Mali-Guinea-Mauritania",,,,,,,,,,,,,,,,,,,,,,,,,,,,,,,,,,,,,,,,
"Blagoveshchensk 10MPC, China-Russia",,,,,,,,,,,,,,,,,,,,,,,,,,,,,,,,,,,,,,,,
"Liuzhou 10MPC, China",,,,,,,,,,,,,,,,,,,,,,,,,,,,,,,,,,,,,,,,
"Phoenix 10MPC, USA",0.006578808284282305,,0.00508811154540749,,0.07637423818148545,,0.021836221467391382,,0.07217245132260296,,0.09423735345916416,,0.13472823289194347,,0.06106245198302632,,0.022548264760587557,,0.017503253395415943,,0.06896592073718967,,0.046903102988036044,,0.054763470646201816,,0.0014622635540187568,,0.07312609626535499,,0.051373715363654385,,0.11638690004589843,,0.04403876911030355,,0.008668050739452789,,0.022182323258582524,
"Sydney 10MPC, Australia",,,,,,,,,,,,,,,,,,,,,,,,,,,,,,,,,,,,,,,,
"Bilbao 10MPC, Spain",,,,,,,,,,,,,,,,,,,,,,,,,,,,,,,,,,,,,,,,
