longname,Not Cohabiting With Partner %,Cohabiting With Partner (Gay) %,Cohabiting With Partner (Straight) %,Living With Parents %,Other Living Situation %,Never Married %,Married (not divorced) %,Divorced %
"Manaus 20MPC, Brazil-Chile-South Africa",,,,,,,,
"Medina 20MPC, Saudi Arabia-Yemen-Somalia",,,,,,,,
"Kaohsiung 20MPC, China",,,,,,,,
"Durban 20MPC, South Africa-Indonesia-New Zealand",,,,,,,,
"Ankara 20MPC, Turkey-Egypt-Italy",,,,,,,,
"Naha 20MPC, China-Vietnam-Philippines",,,,,,,,
"Santa Cruz de la Sierra 20MPC, Brazil-Argentina-Chile",,,,,,,,
"Singapore 20MPC, Indonesia-Singapore",,,,,,,,
"Chattogram (Outer) 20MPC, Bangladesh-India",,,,,,,,
"Yantai 20MPC, China",,,,,,,,
"Thiruvananthapuram 20MPC, India",,,,,,,,
"龙港市 20MPC, China",,,,,,,,
"Dubai 20MPC, Iran-United Arab Emirates-Oman",,,,,,,,
"Kupang 20MPC, Indonesia",,,,,,,,
"Ürümqi 20MPC, China-Russia-Mongolia",,,,,,,,
"Haikou 20MPC, China",,,,,,,,
"Tijuana 20MPC, Mexico-USA-Canada",,,,,,,,
"Gwangju 20MPC, South Korea-Japan-North Korea",,,,,,,,
"Monrovia 20MPC, Algeria-Libya-Liberia",,,,,,,,
"St. Louis 20MPC, USA-Canada",,,,,,,,
"Yaounde 20MPC, Nigeria-Niger-Cameroon",,,,,,,,
"Kolkata (Center) 20MPC, India",,,,,,,,
"Minsk 20MPC, Russia-Belarus-Ukraine",,,,,,,,
"Srinagar (Jammu and Kashmīr) 20MPC, Pakistan-India",,,,,,,,
"Kakinada 20MPC, India",,,,,,,,
"Lu'an 20MPC, China",,,,,,,,
"Varanasi (East) 20MPC, India",,,,,,,,
"Quelimane 20MPC, Madagascar-Mozambique-Tanzania",,,,,,,,
"Cairo (Outer) 20MPC, Egypt",,,,,,,,
"Bengaluru 20MPC, India",,,,,,,,
"Pathankot 20MPC, India-Pakistan",,,,,,,,
"Zhaotong 20MPC, China",,,,,,,,
"Chennai 20MPC, India",,,,,,,,
"São Paulo 20MPC, Brazil",,,,,,,,
"Vienna 20MPC, Austria-Hungary-Croatia",,,,,,,,
"Dhaka 20MPC, Bangladesh",,,,,,,,
"Krasnodar 20MPC, Russia-Ukraine-Turkey",,,,,,,,
"Madurai 20MPC, India",,,,,,,,
"Jodhpur 20MPC, India",,,,,,,,
"Dagupan 20MPC, Philippines",,,,,,,,
"Cairo (Center) 20MPC, Egypt",,,,,,,,
"Bangkok 20MPC, Thailand",,,,,,,,
"Johannesburg 20MPC, South Africa",,,,,,,,
"Hyderabad (Outer) 20MPC, Pakistan",,,,,,,,
"Nantes 20MPC, France-United Kingdom-Belgium",,,,,,,,
"Raiganj 20MPC, India",,,,,,,,
"Beijing 20MPC, China",,,,,,,,
"Imphal 20MPC, India",,,,,,,,
"Shanghai (Center) 20MPC, China",,,,,,,,
"Kolkata (Outer) 20MPC, India",,,,,,,,
"Quezon City [Manila] (Center) 20MPC, Philippines",,,,,,,,
"Luanda 20MPC, Angola",,,,,,,,
"Şanlıurfa 20MPC, Iran-Syria-Iraq",,,,,,,,
"Shangrao 20MPC, China",,,,,,,,
"Wenzhou 20MPC, China",,,,,,,,
"Lagos 20MPC, Nigeria",,,,,,,,
"Siuri 20MPC, India-Nepal-Bangladesh",,,,,,,,
"Kanpur 20MPC, India",,,,,,,,
"Tehran 20MPC, Iran",,,,,,,,
"Tokyo (Center) 20MPC, Japan",,,,,,,,
"Nagpur 20MPC, India",,,,,,,,
"Pune (Outer) 20MPC, India",,,,,,,,
"Delhi [New Delhi] (Center) 20MPC, India",,,,,,,,
"Antananarivo 20MPC, Madagascar",,,,,,,,
"New York 20MPC, USA",0.18678126606677087,0.007095013428510658,0.36070550878798374,0.3290149385609183,0.11640327315581654,0.3901968044766201,0.5260474970005455,0.08375569852283438
"Lilongwe 20MPC, Malawi-Mozambique",,,,,,,,
"Pyongyang 20MPC, North Korea-South Korea",,,,,,,,
"Purwokerto 20MPC, Indonesia",,,,,,,,
"Tianjin 20MPC, China",,,,,,,,
"Seoul 20MPC, South Korea",,,,,,,,
"Dakar 20MPC, Senegal-The Gambia",,,,,,,,
"Baotou 20MPC, China",,,,,,,,
"Ho Chi Minh City 20MPC, Vietnam",,,,,,,,
"Davao City 20MPC, Philippines",,,,,,,,
"Dublin 20MPC, United Kingdom-Ireland",,,,,,,,
"Barranquilla 20MPC, Colombia-Venezuela",,,,,,,,
"Cali 20MPC, Colombia-Panama-Costa Rica",,,,,,,,
"London 20MPC, United Kingdom",,,,,,,,
"Baghdad 20MPC, Iraq",,,,,,,,
"Kinshasa 20MPC, Democratic Republic of the Congo-Congo-Angola",,,,,,,,
"Chengdu 20MPC, China",,,,,,,,
"Mexico City 20MPC, Mexico",,,,,,,,
"Nanyang 20MPC, China",,,,,,,,
"Moscow 20MPC, Russia",,,,,,,,
"Kyiv 20MPC, Ukraine-Romania-Moldova",,,,,,,,
"Chiang Mai 20MPC, Thailand-Myanmar",,,,,,,,
"Solapur 20MPC, India",,,,,,,,
"Shanghai (Outer) 20MPC, China",,,,,,,,
"Dandong 20MPC, China-North Korea",,,,,,,,
"Sirajganj 20MPC, Bangladesh",,,,,,,,
"Dar es Salaam 20MPC, Tanzania-Kenya",,,,,,,,
"Naples 20MPC, Italy-Croatia",,,,,,,,
"Yangon 20MPC, Myanmar",,,,,,,,
"Xi'an 20MPC, China",,,,,,,,
"Karachi 20MPC, Pakistan",,,,,,,,
"Hanoi 20MPC, Vietnam",,,,,,,,
"Lviv 20MPC, Ukraine-Poland-Slovakia",,,,,,,,
"Arusha 20MPC, Tanzania-Kenya",,,,,,,,
"Lyon 20MPC, France",,,,,,,,
"Casablanca 20MPC, Morocco",,,,,,,,
"Gaya 20MPC, India",,,,,,,,
"Recife 20MPC, Brazil",,,,,,,,
"Marseille 20MPC, France-Italy-Germany",,,,,,,,
"Accra 20MPC, Ghana",,,,,,,,
"Birmingham 20MPC, United Kingdom",,,,,,,,
"Warsaw 20MPC, Poland",,,,,,,,
"Ganzhou 20MPC, China",,,,,,,,
"Cebu City 20MPC, Philippines",,,,,,,,
"Santo Domingo 20MPC, Haiti-Dominican Republic",,,,,,,,
"Sana'a 20MPC, Yemen",,,,,,,,
"Surabaya 20MPC, Indonesia",,,,,,,,
"Istanbul 20MPC, Turkey",,,,,,,,
"Benin City 20MPC, Nigeria",,,,,,,,
"Toronto 20MPC, Canada-USA",,,,,,,,
"Nanchang (Northern Jiangxi Sheng) 20MPC, China",,,,,,,,
"Quezon City [Manila] (Outer) 20MPC, Philippines",,,,,,,,
"Fortaleza 20MPC, Brazil",,,,,,,,
"Hisar 20MPC, India",,,,,,,,
"New Taipei [Taipei] 20MPC, China",,,,,,,,
"Agra 20MPC, India",,,,,,,,
"Frankfurt am Main 20MPC, Germany-France",,,,,,,,
"Multan 20MPC, Pakistan",,,,,,,,
"Suzhou (Jiangsu Sheng) 20MPC, China",,,,,,,,
"Nairobi 20MPC, Kenya",,,,,,,,
"Beni 20MPC, Uganda-Democratic Republic of the Congo-Tanzania",,,,,,,,
"Kasur 20MPC, Pakistan-India",,,,,,,,
"Berhampore 20MPC, India-Bangladesh",,,,,,,,
"Hengyang (Eastern Hunan Sheng) 20MPC, China",,,,,,,,
"Quanzhou (Fujian Sheng) 20MPC, China",,,,,,,,
"Colombo 20MPC, Sri Lanka",,,,,,,,
"Mogadishu 20MPC, Somalia-Ethiopia-Kenya",,,,,,,,
"Khartoum 20MPC, Sudan",,,,,,,,
"Ludhiana 20MPC, India",,,,,,,,
"Fukuoka 20MPC, Japan",,,,,,,,
"Guiyang (Guizhou Sheng) 20MPC, China",,,,,,,,
"Aurangabad (Mahārāshtra) 20MPC, India",,,,,,,,
"Guangzhou (Center West) 20MPC, China",,,,,,,,
"Phnom Penh 20MPC, Vietnam-Cambodia",,,,,,,,
"Seattle 20MPC, USA-Canada",,,,,,,,
"Lahore 20MPC, Pakistan",,,,,,,,
"Bujumbura 20MPC, Tanzania-Burundi",,,,,,,,
"Gaza 20MPC, Egypt-State of Palestine-Turkey",,,,,,,,
"Montreal 20MPC, USA-Canada",,,,,,,,
"Buenos Aires 20MPC, Argentina",,,,,,,,
"Nyala 20MPC, Sudan-South Sudan",,,,,,,,
"Changchun 20MPC, China-Russia",,,,,,,,
"Kozhikode 20MPC, India",,,,,,,,
"Veracruz 20MPC, Mexico",,,,,,,,
"Shenyang 20MPC, China",,,,,,,,
"Thái Nguyên 20MPC, Vietnam-China",,,,,,,,
"Niamey 20MPC, Niger-Nigeria-Benin",,,,,,,,
"Kisumu 20MPC, Kenya-Uganda",,,,,,,,
"Faisalabad 20MPC, Pakistan",,,,,,,,
"Stockholm 20MPC, Sweden-Poland-Czech Republic",,,,,,,,
"Paris 20MPC, France-Belgium",,,,,,,,
"Dortmund 20MPC, Germany-Netherlands",,,,,,,,
"Makassar 20MPC, Indonesia",,,,,,,,
"Mumbai 20MPC, India",,,,,,,,
"Bhubaneshwar 20MPC, India",,,,,,,,
"Delhi [New Delhi] (Periphery) 20MPC, India-Nepal",,,,,,,,
"Milan 20MPC, Italy",,,,,,,,
"Dushanbe 20MPC, Uzbekistan-Tajikistan-Afghanistan",,,,,,,,
"Al-Zaqaziq‎ 20MPC, Egypt",,,,,,,,
"Hangzhou 20MPC, China",,,,,,,,
"Sapporo 20MPC, Japan",,,,,,,,
"Huai'an 20MPC, China",,,,,,,,
"Hyderabad 20MPC, India",,,,,,,,
"Yichang 20MPC, China",,,,,,,,
"Abuja (Abuja Federal Capital Territory) 20MPC, Nigeria",,,,,,,,
"Xuzhou 20MPC, China",,,,,,,,
"N'Djamena 20MPC, Nigeria-Chad-Niger",,,,,,,,
"Indore 20MPC, India",,,,,,,,
"Asansol 20MPC, India",,,,,,,,
"中塘镇 20MPC, China",,,,,,,,
"Almaty 20MPC, China-Kyrgyzstan-Kazakhstan",,,,,,,,
"Wuhan 20MPC, China",,,,,,,,
"Munich 20MPC, Germany-Czech Republic",,,,,,,,
"Kano 20MPC, Nigeria",,,,,,,,
"Zhengzhou 20MPC, China",,,,,,,,
"Damascus 20MPC, Syria-Lebanon",,,,,,,,
"Rotterdam [The Hague] 20MPC, Netherlands-Belgium-Germany",,,,,,,,
"Enshi 20MPC, China",,,,,,,,
"Amman 20MPC, Jordan-Israel-State of Palestine",,,,,,,,
"Chicago 20MPC, USA",0.1781259865172739,0.005900596050564862,0.4071508704138845,0.32173703858199604,0.08708550843628078,0.3550019990124321,0.542413853951135,0.10258414703643289
"Virginia Beach 20MPC, USA-Canada",,,,,,,,
"Shijiazhuang 20MPC, China",,,,,,,,
"Algiers 20MPC, Algeria",,,,,,,,
"Kaifeng 20MPC, China",,,,,,,,
"Samara 20MPC, Russia-Kazakhstan",,,,,,,,
"Yekaterinburg 20MPC, Russia",,,,,,,,
"Qiqihar 20MPC, China",,,,,,,,
"Miami 20MPC, USA",0.17726319738386376,0.00825235707365117,0.40514986270068526,0.29971357317031905,0.10962100967148089,0.3121461353320045,0.5587571232204993,0.12909674144749625
"Đà Nẵng 20MPC, Vietnam-Cambodia-Laos",,,,,,,,
"Lanzhou 20MPC, China",,,,,,,,
"Bandung 20MPC, Indonesia",,,,,,,,
"Copenhagen 20MPC, Germany-Denmark-Poland",,,,,,,,
"Ilorin 20MPC, Nigeria",,,,,,,,
"Guwahati 20MPC, India",,,,,,,,
"Mianyang 20MPC, China",,,,,,,,
"Udaipur (Rājasthān) 20MPC, India",,,,,,,,
"Delhi [New Delhi] (Outer) 20MPC, India",,,,,,,,
"Guangzhou (Center East) 20MPC, China",,,,,,,,
"Dharwad 20MPC, India",,,,,,,,
"Nanjing (Jiangsu Sheng) 20MPC, China",,,,,,,,
"Tasikmalaya 20MPC, Indonesia",,,,,,,,
"Abidjan 20MPC, Ivory Coast",,,,,,,,
"Tokyo (Outer) 20MPC, Japan",,,,,,,,
"Tashkent 20MPC, Uzbekistan-Kazakhstan-Tajikistan",,,,,,,,
"Jakarta (Center) 20MPC, Indonesia",,,,,,,,
"Xinxiang (Northern Henan Sheng) 20MPC, China",,,,,,,,
"Faizabad 20MPC, India",,,,,,,,
"Chihuahua 20MPC, Mexico",,,,,,,,
"Baku 20MPC, Azerbaijan-Russia-Armenia",,,,,,,,
"Tunis 20MPC, Tunisia-Algeria-Italy",,,,,,,,
"Jaipur 20MPC, India",,,,,,,,
"Ahmedabad 20MPC, India",,,,,,,,
"Maiduguri 20MPC, Nigeria-Cameroon",,,,,,,,
"Mbuji-Mayi 20MPC, Democratic Republic of the Congo",,,,,,,,
"Bogota 20MPC, Colombia",,,,,,,,
"Washington D.C. 20MPC, USA",0.17185432889107452,0.006803462152292503,0.40671263562454396,0.3170232016214835,0.0976063717106057,0.35089781544888743,0.5554227193751948,0.09367946517591777
"Rizhao 20MPC, China",,,,,,,,
"Bangui 20MPC, Democratic Republic of the Congo-Central African Republic-Chad",,,,,,,,
"Athens 20MPC, Greece-Italy-Romania",,,,,,,,
"Oran 20MPC, Algeria-Spain",,,,,,,,
"Palembang 20MPC, Indonesia",,,,,,,,
"Sydney 20MPC, Australia",,,,,,,,
"Khulna 20MPC, Bangladesh",,,,,,,,
"Guatemala City 20MPC, Guatemala-El Salvador",,,,,,,,
"Kathmandu 20MPC, Nepal-India",,,,,,,,
"Gwalior 20MPC, India",,,,,,,,
"Saharanpur 20MPC, India",,,,,,,,
"Linfen 20MPC, China",,,,,,,,
"Kollam 20MPC, India",,,,,,,,
"Hefei 20MPC, China",,,,,,,,
"Hawassa 20MPC, Ethiopia",,,,,,,,
"Tegucigalpa 20MPC, Honduras-Nicaragua-El Salvador",,,,,,,,
"Begusarai 20MPC, India",,,,,,,,
"Puebla 20MPC, Mexico",,,,,,,,
"Kharagpur 20MPC, India",,,,,,,,
"Kurnool 20MPC, India",,,,,,,,
"Surat 20MPC, India",,,,,,,,
"Raipur 20MPC, India",,,,,,,,
"Hue 20MPC, Vietnam-Myanmar-Thailand",,,,,,,,
"Pune (Center) 20MPC, India",,,,,,,,
"Denpasar 20MPC, Indonesia",,,,,,,,
"Kampala 20MPC, Uganda",,,,,,,,
"Addis Ababa 20MPC, Ethiopia",,,,,,,,
"Chongqing 20MPC, China",,,,,,,,
"Jeddah 20MPC, Saudi Arabia-Sudan-Ethiopia",,,,,,,,
"Barcelona 20MPC, Spain-Ireland-Germany",,,,,,,,
"Caracas 20MPC, Venezuela",,,,,,,,
"Nanded-Waghala 20MPC, India",,,,,,,,
"Lusaka 20MPC, Zimbabwe-Zambia",,,,,,,,
"Harbin 20MPC, China",,,,,,,,
"Taiyuan 20MPC, China",,,,,,,,
"Farrukhabad 20MPC, India",,,,,,,,
"Jalpaiguri 20MPC, Bangladesh-India",,,,,,,,
"Los Angeles 20MPC, USA",0.14615392468767538,0.007567638470646622,0.35812292111590927,0.35034533891269126,0.13781017681307747,0.3915776476793384,0.5206784753621498,0.08774387695851164
"Ranchi 20MPC, India",,,,,,,,
"Jinan 20MPC, China",,,,,,,,
"Dire Dawa 20MPC, Ethiopia",,,,,,,,
"Guayaquil 20MPC, Ecuador-Colombia",,,,,,,,
"Jabalpur 20MPC, India",,,,,,,,
"Zhanjiang 20MPC, China",,,,,,,,
"Zibo 20MPC, China",,,,,,,,
"Belagavi 20MPC, India",,,,,,,,
"Sargodha 20MPC, Pakistan",,,,,,,,
"Xiamen 20MPC, China",,,,,,,,
"Rio de Janeiro 20MPC, Brazil",,,,,,,,
"Sylhet 20MPC, Bangladesh",,,,,,,,
"Khon Kaen 20MPC, Thailand-Cambodia",,,,,,,,
"Santiago 20MPC, Chile-Argentina",,,,,,,,
"Tamale 20MPC, Ghana-Ivory Coast-Mali",,,,,,,,
"Lucknow 20MPC, India",,,,,,,,
"Rajkot 20MPC, India",,,,,,,,
"Lubumbashi 20MPC, Democratic Republic of the Congo-Zambia",,,,,,,,
"Osaka [Kyoto] (Outer) 20MPC, Japan",,,,,,,,
"Sokoto 20MPC, Nigeria-Niger",,,,,,,,
"Kermanshah 20MPC, Iran-Turkey-Iraq",,,,,,,,
"Atlanta 20MPC, USA",0.17658649772478743,0.006058162002342852,0.40395717234488504,0.32122092332630864,0.09217724460167602,0.32463673695396605,0.5631194981492792,0.11224376489675482
"Kigali 20MPC, Rwanda-Burundi-Democratic Republic of the Congo",,,,,,,,
"Comilla 20MPC, Bangladesh",,,,,,,,
"Fancheng 20MPC, China",,,,,,,,
"Visakhapatnam 20MPC, India",,,,,,,,
"Kuchai Kot 20MPC, India",,,,,,,,
"Sialkot 20MPC, Pakistan-India",,,,,,,,
"Nimule 20MPC, Uganda-South Sudan-Democratic Republic of the Congo",,,,,,,,
"Nanchong 20MPC, China",,,,,,,,
"Handan 20MPC, China",,,,,,,,
"Bamako 20MPC, Mali-Burkina Faso-Guinea",,,,,,,,
"Jimma (Southern Oromīya) 20MPC, Ethiopia",,,,,,,,
"Lubango 20MPC, Angola-Zambia-Namibia",,,,,,,,
"Rawalpindi [Islamabad] 20MPC, Pakistan",,,,,,,,
"Gorakhpur 20MPC, India",,,,,,,,
"Yuxi 20MPC, China",,,,,,,,
"Yogyakarta 20MPC, Indonesia",,,,,,,,
"Bikaner 20MPC, Pakistan-India",,,,,,,,
"Kisangani 20MPC, Democratic Republic of the Congo",,,,,,,,
"Sultanpur 20MPC, India-Nepal",,,,,,,,
"Changsha 20MPC, China",,,,,,,,
"Bahir Dar 20MPC, Ethiopia",,,,,,,,
"Anlu 20MPC, China",,,,,,,,
"Yinchuan 20MPC, China",,,,,,,,
"Phoenix 20MPC, USA",0.16304467282317395,0.007423971735791181,0.4115830081745554,0.32023143766652107,0.0977169095999584,0.33065918318587006,0.5524475148671218,0.1168933019470081
"Myitkyina 20MPC, China-Myanmar",,,,,,,,
"Kharkiv 20MPC, Ukraine-Russia",,,,,,,,
"Chhapra 20MPC, India",,,,,,,,
"Campinas 20MPC, Brazil",,,,,,,,
"Mandalay 20MPC, Myanmar-Bangladesh",,,,,,,,
"Nanning 20MPC, China",,,,,,,,
"Vijayawada 20MPC, India",,,,,,,,
"Onitsha 20MPC, Nigeria",,,,,,,,
"Moradabad 20MPC, India",,,,,,,,
"Dallas 20MPC, USA",0.15839597293651295,0.006399218535661965,0.3956324506791999,0.3466159730577764,0.09295638479084871,0.3355407721782162,0.56280794493422,0.10165128288756374
"Varanasi (West) 20MPC, India",,,,,,,,
"Guangzhou (Outer) 20MPC, China",,,,,,,,
"Huaibei 20MPC, China",,,,,,,,
"Chapainawabganj 20MPC, India-Bangladesh",,,,,,,,
"Kunming 20MPC, China",,,,,,,,
"Bhopal 20MPC, India",,,,,,,,
"Columbus (Ohio) 20MPC, USA",0.1760709296008506,0.005287465685052403,0.42887326315615726,0.30289189378140785,0.08687644777653183,0.31322536880026725,0.5729305000276638,0.11384413117206894
"Jakarta (Outer) 20MPC, Indonesia",,,,,,,,
"Ajmer 20MPC, India",,,,,,,,
"Lisbon 20MPC, Spain-Portugal",,,,,,,,
"Achalpur 20MPC, India",,,,,,,,
"Ouagadougou 20MPC, Burkina Faso-Ghana",,,,,,,,
"Mysuru 20MPC, India",,,,,,,,
"Mosul 20MPC, Iraq-Iran-Turkey",,,,,,,,
"Qingdao 20MPC, China",,,,,,,,
"Guilin 20MPC, China",,,,,,,,
"Busan 20MPC, South Korea",,,,,,,,
"Phuket 20MPC, Thailand-Indonesia-Malaysia",,,,,,,,
"Salvador 20MPC, Brazil",,,,,,,,
"Kandahar 20MPC, Pakistan-Afghanistan-China",,,,,,,,
"Conakry 20MPC, Sierra Leone-Guinea-Liberia",,,,,,,,
"Patna 20MPC, India",,,,,,,,
"Kuwait City 20MPC, Iran-Iraq-Kuwait",,,,,,,,
"Nampula 20MPC, Mozambique-Tanzania-Malawi",,,,,,,,
"Douala 20MPC, Cameroon-Nigeria",,,,,,,,
"Bucharest 20MPC, Romania-Serbia",,,,,,,,
"Monterrey 20MPC, Mexico",,,,,,,,
"Kabul 20MPC, Afghanistan-Pakistan",,,,,,,,
"Turin 20MPC, Switzerland-France-Italy",,,,,,,,
"Ningbo 20MPC, China",,,,,,,,
"Nizhny Novgorod 20MPC, Russia",,,,,,,,
"Mashhad 20MPC, Iran-Afghanistan-Turkmenistan",,,,,,,,
"Salem 20MPC, India",,,,,,,,
"Alexandria 20MPC, Egypt",,,,,,,,
"Oslo 20MPC, Russia-Norway-Finland",,,,,,,,
"Osaka [Kyoto] (Center) 20MPC, Japan",,,,,,,,
"Berlin 20MPC, Germany",,,,,,,,
"Charsadda 20MPC, Afghanistan-Pakistan",,,,,,,,
"Budapest 20MPC, Poland-Slovakia-Czech Republic",,,,,,,,
"Curitiba 20MPC, Brazil",,,,,,,,
"Dalian 20MPC, China",,,,,,,,
"Hyderabad (Center) 20MPC, Pakistan",,,,,,,,
"Jieyang 20MPC, China",,,,,,,,
"El Alto [La Paz] 20MPC, Bolivia-Peru",,,,,,,,
"Siliguri 20MPC, India-Bangladesh-Nepal",,,,,,,,
"Cotonou 20MPC, Benin-Togo-Nigeria",,,,,,,,
"Nouakchott 20MPC, Mauritania-Mali-Morocco",,,,,,,,
"Marrakesh 20MPC, Morocco-Spain-Algeria",,,,,,,,
"Memphis 20MPC, USA",0.18357810965500967,0.004363027362058227,0.3852887155106304,0.3315654775998325,0.09520466987246932,0.3248395845691244,0.5524755959704779,0.12268481946039768
"Port Harcourt 20MPC, Nigeria",,,,,,,,
"Sohag 20MPC, Egypt",,,,,,,,
"Hamhung 20MPC, China-North Korea",,,,,,,,
"Vinh 20MPC, Thailand-Vietnam-Laos",,,,,,,,
"Gaziantep 20MPC, Turkey",,,,,,,,
"Kaduna 20MPC, Nigeria",,,,,,,,
"Deoghar 20MPC, India",,,,,,,,
"Minneapolis [Saint Paul] 20MPC, USA",0.17530998305580295,0.005521614574719022,0.4395651159533858,0.2971261538620894,0.0824771325540027,0.32228290314925584,0.5672415542554616,0.11047554259528261
"Kota Kinabalu 20MPC, Philippines-Malaysia-Indonesia",,,,,,,,
"Guadalajara 20MPC, Mexico",,,,,,,,
"Lima (Center) 20MPC, Peru",,,,,,,,
"Campo Grande 20MPC, Brazil-Paraguay",,,,,,,,
"Urgench 20MPC, Afghanistan-Uzbekistan-Iran",,,,,,,,
"Cape Town 20MPC, South Africa",,,,,,,,
"Saint Petersburg 20MPC, Russia-Lithuania-Latvia",,,,,,,,
"Zhangjiakou 20MPC, China",,,,,,,,
"Kalemie 20MPC, Tanzania-Democratic Republic of the Congo",,,,,,,,
"Belo Horizonte 20MPC, Brazil",,,,,,,,
"San Jose 20MPC, USA",0.14220596547747896,0.006320862858305508,0.3882654312627096,0.341144874658119,0.12206286574338693,0.3514417326337606,0.5513770586681741,0.09718120869806515
"Río Piedras [San Juan] 20MPC, Venezuela-USA-Colombia",,,,,,,,
"Sofia 20MPC, Greece-Bulgaria-North Macedonia",,,,,,,,
"Melbourne 20MPC, Papua New Guinea-Indonesia-Australia",,,,,,,,
"Pontianak 20MPC, Indonesia-Malaysia",,,,,,,,
"Gonder 20MPC, Ethiopia-Sudan-South Sudan",,,,,,,,
"Maputo 20MPC, South Africa-Mozambique-Eswatini",,,,,,,,
"Huizhou 20MPC, China",,,,,,,,
"Djibouti 20MPC, Ethiopia-Yemen-Eritrea",,,,,,,,
"Medan 20MPC, Indonesia-Malaysia",,,,,,,,
"Madrid 20MPC, Spain",,,,,,,,
"San Antonio 20MPC, USA",0.16303349969788875,0.0051825879326396675,0.3949705415296463,0.3471095970724273,0.08970377376739809,0.3122184134979358,0.5720501080404223,0.11573147846164195
"Kochi 20MPC, India",,,,,,,,
"Havana 20MPC, Cuba-Mexico-Jamaica",,,,,,,,
"Volgograd 20MPC, Russia-China-India",,,,,,,,
"Belém 20MPC, Brazil",,,,,,,,
"Polokwane 20MPC, Mozambique-Zambia-South Africa",,,,,,,,
"Jiangyou 20MPC, China",,,,,,,,
"Riyadh 20MPC, Saudi Arabia-Iraq-Kuwait",,,,,,,,
"Chattogram (Center) 20MPC, Bangladesh",,,,,,,,
"Novosibirsk 20MPC, Russia-China-Kazakhstan",,,,,,,,
"Kuala Lumpur 20MPC, Malaysia-Singapore",,,,,,,,
"Lima (Outer) 20MPC, Peru-Cuba-Ecuador",,,,,,,,
"Asuncion 20MPC, Argentina-Brazil-Paraguay",,,,,,,,
"Sincan 20MPC, Turkey",,,,,,,,
"Acapulco 20MPC, Canada-Mexico-USA",,,,,,,,
"Libreville 20MPC, Chad-Democratic Republic of the Congo-Kenya",,,,,,,,
"Edmonton 20MPC, USA-Canada",,,,,,,,
"Doha 20MPC, Iran-Qatar-Bahrain",,,,,,,,
