longname,Fair or poor self-rated health status %,Physical health not good for two weeks in last year %,Arthritis %,Current asthma %,High blood pressure %,Cancer (excluding skin cancer) %,Chronic kidney disease %,COPD %,Coronary heart disease %,Diagnosed diabetes %,Obesity %,Stroke %,Disability %,Hearing disability %,Vision disability %,Cognitive disability %,Mobility disability %,Self-care disability %,Independent living disability %,Binge drinking among adults %,Smoking %,No leisure-time physical activity %,Sleeping less than 7 hours %,Attended doctor in last year %,Attended dentist in last year %,Cholesterol screening in last year %
"Manaus 20MPC, Brazil-Chile-South Africa",,,,,,,,,,,,,,,,,,,,,,,,,,
"Medina 20MPC, Saudi Arabia-Yemen-Somalia",,,,,,,,,,,,,,,,,,,,,,,,,,
"Kaohsiung 20MPC, China",,,,,,,,,,,,,,,,,,,,,,,,,,
"Durban 20MPC, South Africa-Indonesia-New Zealand",,,,,,,,,,,,,,,,,,,,,,,,,,
"Ankara 20MPC, Turkey-Egypt-Italy",,,,,,,,,,,,,,,,,,,,,,,,,,
"Naha 20MPC, China-Vietnam-Philippines",,,,,,,,,,,,,,,,,,,,,,,,,,
"Santa Cruz de la Sierra 20MPC, Brazil-Argentina-Chile",,,,,,,,,,,,,,,,,,,,,,,,,,
"Singapore 20MPC, Indonesia-Singapore",,,,,,,,,,,,,,,,,,,,,,,,,,
"Chattogram (Outer) 20MPC, Bangladesh-India",,,,,,,,,,,,,,,,,,,,,,,,,,
"Yantai 20MPC, China",,,,,,,,,,,,,,,,,,,,,,,,,,
"Thiruvananthapuram 20MPC, India",,,,,,,,,,,,,,,,,,,,,,,,,,
"龙港市 20MPC, China",,,,,,,,,,,,,,,,,,,,,,,,,,
"Dubai 20MPC, Iran-United Arab Emirates-Oman",,,,,,,,,,,,,,,,,,,,,,,,,,
"Kupang 20MPC, Indonesia",,,,,,,,,,,,,,,,,,,,,,,,,,
"Ürümqi 20MPC, China-Russia-Mongolia",,,,,,,,,,,,,,,,,,,,,,,,,,
"Haikou 20MPC, China",,,,,,,,,,,,,,,,,,,,,,,,,,
"Tijuana 20MPC, Mexico-USA-Canada",,,,,,,,,,,,,,,,,,,,,,,,,,
"Gwangju 20MPC, South Korea-Japan-North Korea",,,,,,,,,,,,,,,,,,,,,,,,,,
"Monrovia 20MPC, Algeria-Libya-Liberia",,,,,,,,,,,,,,,,,,,,,,,,,,
"St. Louis 20MPC, USA-Canada",,,,,,,,,,,,,,,,,,,,,,,,,,
"Yaounde 20MPC, Nigeria-Niger-Cameroon",,,,,,,,,,,,,,,,,,,,,,,,,,
"Kolkata (Center) 20MPC, India",,,,,,,,,,,,,,,,,,,,,,,,,,
"Minsk 20MPC, Russia-Belarus-Ukraine",,,,,,,,,,,,,,,,,,,,,,,,,,
"Srinagar (Jammu and Kashmīr) 20MPC, Pakistan-India",,,,,,,,,,,,,,,,,,,,,,,,,,
"Kakinada 20MPC, India",,,,,,,,,,,,,,,,,,,,,,,,,,
"Lu'an 20MPC, China",,,,,,,,,,,,,,,,,,,,,,,,,,
"Varanasi (East) 20MPC, India",,,,,,,,,,,,,,,,,,,,,,,,,,
"Quelimane 20MPC, Madagascar-Mozambique-Tanzania",,,,,,,,,,,,,,,,,,,,,,,,,,
"Cairo (Outer) 20MPC, Egypt",,,,,,,,,,,,,,,,,,,,,,,,,,
"Bengaluru 20MPC, India",,,,,,,,,,,,,,,,,,,,,,,,,,
"Pathankot 20MPC, India-Pakistan",,,,,,,,,,,,,,,,,,,,,,,,,,
"Zhaotong 20MPC, China",,,,,,,,,,,,,,,,,,,,,,,,,,
"Chennai 20MPC, India",,,,,,,,,,,,,,,,,,,,,,,,,,
"São Paulo 20MPC, Brazil",,,,,,,,,,,,,,,,,,,,,,,,,,
"Vienna 20MPC, Austria-Hungary-Croatia",,,,,,,,,,,,,,,,,,,,,,,,,,
"Dhaka 20MPC, Bangladesh",,,,,,,,,,,,,,,,,,,,,,,,,,
"Krasnodar 20MPC, Russia-Ukraine-Turkey",,,,,,,,,,,,,,,,,,,,,,,,,,
"Madurai 20MPC, India",,,,,,,,,,,,,,,,,,,,,,,,,,
"Jodhpur 20MPC, India",,,,,,,,,,,,,,,,,,,,,,,,,,
"Dagupan 20MPC, Philippines",,,,,,,,,,,,,,,,,,,,,,,,,,
"Cairo (Center) 20MPC, Egypt",,,,,,,,,,,,,,,,,,,,,,,,,,
"Bangkok 20MPC, Thailand",,,,,,,,,,,,,,,,,,,,,,,,,,
"Johannesburg 20MPC, South Africa",,,,,,,,,,,,,,,,,,,,,,,,,,
"Hyderabad (Outer) 20MPC, Pakistan",,,,,,,,,,,,,,,,,,,,,,,,,,
"Nantes 20MPC, France-United Kingdom-Belgium",,,,,,,,,,,,,,,,,,,,,,,,,,
"Raiganj 20MPC, India",,,,,,,,,,,,,,,,,,,,,,,,,,
"Beijing 20MPC, China",,,,,,,,,,,,,,,,,,,,,,,,,,
"Imphal 20MPC, India",,,,,,,,,,,,,,,,,,,,,,,,,,
"Shanghai (Center) 20MPC, China",,,,,,,,,,,,,,,,,,,,,,,,,,
"Kolkata (Outer) 20MPC, India",,,,,,,,,,,,,,,,,,,,,,,,,,
"Quezon City [Manila] (Center) 20MPC, Philippines",,,,,,,,,,,,,,,,,,,,,,,,,,
"Luanda 20MPC, Angola",,,,,,,,,,,,,,,,,,,,,,,,,,
"Şanlıurfa 20MPC, Iran-Syria-Iraq",,,,,,,,,,,,,,,,,,,,,,,,,,
"Shangrao 20MPC, China",,,,,,,,,,,,,,,,,,,,,,,,,,
"Wenzhou 20MPC, China",,,,,,,,,,,,,,,,,,,,,,,,,,
"Lagos 20MPC, Nigeria",,,,,,,,,,,,,,,,,,,,,,,,,,
"Siuri 20MPC, India-Nepal-Bangladesh",,,,,,,,,,,,,,,,,,,,,,,,,,
"Kanpur 20MPC, India",,,,,,,,,,,,,,,,,,,,,,,,,,
"Tehran 20MPC, Iran",,,,,,,,,,,,,,,,,,,,,,,,,,
"Tokyo (Center) 20MPC, Japan",,,,,,,,,,,,,,,,,,,,,,,,,,
"Nagpur 20MPC, India",,,,,,,,,,,,,,,,,,,,,,,,,,
"Pune (Outer) 20MPC, India",,,,,,,,,,,,,,,,,,,,,,,,,,
"Delhi [New Delhi] (Center) 20MPC, India",,,,,,,,,,,,,,,,,,,,,,,,,,
"Antananarivo 20MPC, Madagascar",,,,,,,,,,,,,,,,,,,,,,,,,,
"New York 20MPC, USA",0.1625486439642787,0.10609844951721628,0.2086758774307768,0.10173457111074088,0.287146162816331,0.05945100391182826,0.029039137411142817,0.05508004037330146,0.051085934220758154,0.10497115590875382,0.28421606699554025,0.028769564312813446,0.26951724694115875,0.05300441328571372,0.05713691967707563,0.12483628578810377,0.12913967843816387,0.03962389774306236,0.07847926826287922,0.16390156415998428,0.13895062248724832,0.2626665413459497,0.3497202192402291,0.7532322429915533,0.635850075080845,0.8681233384141341
"Lilongwe 20MPC, Malawi-Mozambique",,,,,,,,,,,,,,,,,,,,,,,,,,
"Pyongyang 20MPC, North Korea-South Korea",,,,,,,,,,,,,,,,,,,,,,,,,,
"Purwokerto 20MPC, Indonesia",,,,,,,,,,,,,,,,,,,,,,,,,,
"Tianjin 20MPC, China",,,,,,,,,,,,,,,,,,,,,,,,,,
"Seoul 20MPC, South Korea",,,,,,,,,,,,,,,,,,,,,,,,,,
"Dakar 20MPC, Senegal-The Gambia",,,,,,,,,,,,,,,,,,,,,,,,,,
"Baotou 20MPC, China",,,,,,,,,,,,,,,,,,,,,,,,,,
"Ho Chi Minh City 20MPC, Vietnam",,,,,,,,,,,,,,,,,,,,,,,,,,
"Davao City 20MPC, Philippines",,,,,,,,,,,,,,,,,,,,,,,,,,
"Dublin 20MPC, United Kingdom-Ireland",,,,,,,,,,,,,,,,,,,,,,,,,,
"Barranquilla 20MPC, Colombia-Venezuela",,,,,,,,,,,,,,,,,,,,,,,,,,
"Cali 20MPC, Colombia-Panama-Costa Rica",,,,,,,,,,,,,,,,,,,,,,,,,,
"London 20MPC, United Kingdom",,,,,,,,,,,,,,,,,,,,,,,,,,
"Baghdad 20MPC, Iraq",,,,,,,,,,,,,,,,,,,,,,,,,,
"Kinshasa 20MPC, Democratic Republic of the Congo-Congo-Angola",,,,,,,,,,,,,,,,,,,,,,,,,,
"Chengdu 20MPC, China",,,,,,,,,,,,,,,,,,,,,,,,,,
"Mexico City 20MPC, Mexico",,,,,,,,,,,,,,,,,,,,,,,,,,
"Nanyang 20MPC, China",,,,,,,,,,,,,,,,,,,,,,,,,,
"Moscow 20MPC, Russia",,,,,,,,,,,,,,,,,,,,,,,,,,
"Kyiv 20MPC, Ukraine-Romania-Moldova",,,,,,,,,,,,,,,,,,,,,,,,,,
"Chiang Mai 20MPC, Thailand-Myanmar",,,,,,,,,,,,,,,,,,,,,,,,,,
"Solapur 20MPC, India",,,,,,,,,,,,,,,,,,,,,,,,,,
"Shanghai (Outer) 20MPC, China",,,,,,,,,,,,,,,,,,,,,,,,,,
"Dandong 20MPC, China-North Korea",,,,,,,,,,,,,,,,,,,,,,,,,,
"Sirajganj 20MPC, Bangladesh",,,,,,,,,,,,,,,,,,,,,,,,,,
"Dar es Salaam 20MPC, Tanzania-Kenya",,,,,,,,,,,,,,,,,,,,,,,,,,
"Naples 20MPC, Italy-Croatia",,,,,,,,,,,,,,,,,,,,,,,,,,
"Yangon 20MPC, Myanmar",,,,,,,,,,,,,,,,,,,,,,,,,,
"Xi'an 20MPC, China",,,,,,,,,,,,,,,,,,,,,,,,,,
"Karachi 20MPC, Pakistan",,,,,,,,,,,,,,,,,,,,,,,,,,
"Hanoi 20MPC, Vietnam",,,,,,,,,,,,,,,,,,,,,,,,,,
"Lviv 20MPC, Ukraine-Poland-Slovakia",,,,,,,,,,,,,,,,,,,,,,,,,,
"Arusha 20MPC, Tanzania-Kenya",,,,,,,,,,,,,,,,,,,,,,,,,,
"Lyon 20MPC, France",,,,,,,,,,,,,,,,,,,,,,,,,,
"Casablanca 20MPC, Morocco",,,,,,,,,,,,,,,,,,,,,,,,,,
"Gaya 20MPC, India",,,,,,,,,,,,,,,,,,,,,,,,,,
"Recife 20MPC, Brazil",,,,,,,,,,,,,,,,,,,,,,,,,,
"Marseille 20MPC, France-Italy-Germany",,,,,,,,,,,,,,,,,,,,,,,,,,
"Accra 20MPC, Ghana",,,,,,,,,,,,,,,,,,,,,,,,,,
"Birmingham 20MPC, United Kingdom",,,,,,,,,,,,,,,,,,,,,,,,,,
"Warsaw 20MPC, Poland",,,,,,,,,,,,,,,,,,,,,,,,,,
"Ganzhou 20MPC, China",,,,,,,,,,,,,,,,,,,,,,,,,,
"Cebu City 20MPC, Philippines",,,,,,,,,,,,,,,,,,,,,,,,,,
"Santo Domingo 20MPC, Haiti-Dominican Republic",,,,,,,,,,,,,,,,,,,,,,,,,,
"Sana'a 20MPC, Yemen",,,,,,,,,,,,,,,,,,,,,,,,,,
"Surabaya 20MPC, Indonesia",,,,,,,,,,,,,,,,,,,,,,,,,,
"Istanbul 20MPC, Turkey",,,,,,,,,,,,,,,,,,,,,,,,,,
"Benin City 20MPC, Nigeria",,,,,,,,,,,,,,,,,,,,,,,,,,
"Toronto 20MPC, Canada-USA",,,,,,,,,,,,,,,,,,,,,,,,,,
"Nanchang (Northern Jiangxi Sheng) 20MPC, China",,,,,,,,,,,,,,,,,,,,,,,,,,
"Quezon City [Manila] (Outer) 20MPC, Philippines",,,,,,,,,,,,,,,,,,,,,,,,,,
"Fortaleza 20MPC, Brazil",,,,,,,,,,,,,,,,,,,,,,,,,,
"Hisar 20MPC, India",,,,,,,,,,,,,,,,,,,,,,,,,,
"New Taipei [Taipei] 20MPC, China",,,,,,,,,,,,,,,,,,,,,,,,,,
"Agra 20MPC, India",,,,,,,,,,,,,,,,,,,,,,,,,,
"Frankfurt am Main 20MPC, Germany-France",,,,,,,,,,,,,,,,,,,,,,,,,,
"Multan 20MPC, Pakistan",,,,,,,,,,,,,,,,,,,,,,,,,,
"Suzhou (Jiangsu Sheng) 20MPC, China",,,,,,,,,,,,,,,,,,,,,,,,,,
"Nairobi 20MPC, Kenya",,,,,,,,,,,,,,,,,,,,,,,,,,
"Beni 20MPC, Uganda-Democratic Republic of the Congo-Tanzania",,,,,,,,,,,,,,,,,,,,,,,,,,
"Kasur 20MPC, Pakistan-India",,,,,,,,,,,,,,,,,,,,,,,,,,
"Berhampore 20MPC, India-Bangladesh",,,,,,,,,,,,,,,,,,,,,,,,,,
"Hengyang (Eastern Hunan Sheng) 20MPC, China",,,,,,,,,,,,,,,,,,,,,,,,,,
"Quanzhou (Fujian Sheng) 20MPC, China",,,,,,,,,,,,,,,,,,,,,,,,,,
"Colombo 20MPC, Sri Lanka",,,,,,,,,,,,,,,,,,,,,,,,,,
"Mogadishu 20MPC, Somalia-Ethiopia-Kenya",,,,,,,,,,,,,,,,,,,,,,,,,,
"Khartoum 20MPC, Sudan",,,,,,,,,,,,,,,,,,,,,,,,,,
"Ludhiana 20MPC, India",,,,,,,,,,,,,,,,,,,,,,,,,,
"Fukuoka 20MPC, Japan",,,,,,,,,,,,,,,,,,,,,,,,,,
"Guiyang (Guizhou Sheng) 20MPC, China",,,,,,,,,,,,,,,,,,,,,,,,,,
"Aurangabad (Mahārāshtra) 20MPC, India",,,,,,,,,,,,,,,,,,,,,,,,,,
"Guangzhou (Center West) 20MPC, China",,,,,,,,,,,,,,,,,,,,,,,,,,
"Phnom Penh 20MPC, Vietnam-Cambodia",,,,,,,,,,,,,,,,,,,,,,,,,,
"Seattle 20MPC, USA-Canada",,,,,,,,,,,,,,,,,,,,,,,,,,
"Lahore 20MPC, Pakistan",,,,,,,,,,,,,,,,,,,,,,,,,,
"Bujumbura 20MPC, Tanzania-Burundi",,,,,,,,,,,,,,,,,,,,,,,,,,
"Gaza 20MPC, Egypt-State of Palestine-Turkey",,,,,,,,,,,,,,,,,,,,,,,,,,
"Montreal 20MPC, USA-Canada",,,,,,,,,,,,,,,,,,,,,,,,,,
"Buenos Aires 20MPC, Argentina",,,,,,,,,,,,,,,,,,,,,,,,,,
"Nyala 20MPC, Sudan-South Sudan",,,,,,,,,,,,,,,,,,,,,,,,,,
"Changchun 20MPC, China-Russia",,,,,,,,,,,,,,,,,,,,,,,,,,
"Kozhikode 20MPC, India",,,,,,,,,,,,,,,,,,,,,,,,,,
"Veracruz 20MPC, Mexico",,,,,,,,,,,,,,,,,,,,,,,,,,
"Shenyang 20MPC, China",,,,,,,,,,,,,,,,,,,,,,,,,,
"Thái Nguyên 20MPC, Vietnam-China",,,,,,,,,,,,,,,,,,,,,,,,,,
"Niamey 20MPC, Niger-Nigeria-Benin",,,,,,,,,,,,,,,,,,,,,,,,,,
"Kisumu 20MPC, Kenya-Uganda",,,,,,,,,,,,,,,,,,,,,,,,,,
"Faisalabad 20MPC, Pakistan",,,,,,,,,,,,,,,,,,,,,,,,,,
"Stockholm 20MPC, Sweden-Poland-Czech Republic",,,,,,,,,,,,,,,,,,,,,,,,,,
"Paris 20MPC, France-Belgium",,,,,,,,,,,,,,,,,,,,,,,,,,
"Dortmund 20MPC, Germany-Netherlands",,,,,,,,,,,,,,,,,,,,,,,,,,
"Makassar 20MPC, Indonesia",,,,,,,,,,,,,,,,,,,,,,,,,,
"Mumbai 20MPC, India",,,,,,,,,,,,,,,,,,,,,,,,,,
"Bhubaneshwar 20MPC, India",,,,,,,,,,,,,,,,,,,,,,,,,,
"Delhi [New Delhi] (Periphery) 20MPC, India-Nepal",,,,,,,,,,,,,,,,,,,,,,,,,,
"Milan 20MPC, Italy",,,,,,,,,,,,,,,,,,,,,,,,,,
"Dushanbe 20MPC, Uzbekistan-Tajikistan-Afghanistan",,,,,,,,,,,,,,,,,,,,,,,,,,
"Al-Zaqaziq‎ 20MPC, Egypt",,,,,,,,,,,,,,,,,,,,,,,,,,
"Hangzhou 20MPC, China",,,,,,,,,,,,,,,,,,,,,,,,,,
"Sapporo 20MPC, Japan",,,,,,,,,,,,,,,,,,,,,,,,,,
"Huai'an 20MPC, China",,,,,,,,,,,,,,,,,,,,,,,,,,
"Hyderabad 20MPC, India",,,,,,,,,,,,,,,,,,,,,,,,,,
"Yichang 20MPC, China",,,,,,,,,,,,,,,,,,,,,,,,,,
"Abuja (Abuja Federal Capital Territory) 20MPC, Nigeria",,,,,,,,,,,,,,,,,,,,,,,,,,
"Xuzhou 20MPC, China",,,,,,,,,,,,,,,,,,,,,,,,,,
"N'Djamena 20MPC, Nigeria-Chad-Niger",,,,,,,,,,,,,,,,,,,,,,,,,,
"Indore 20MPC, India",,,,,,,,,,,,,,,,,,,,,,,,,,
"Asansol 20MPC, India",,,,,,,,,,,,,,,,,,,,,,,,,,
"中塘镇 20MPC, China",,,,,,,,,,,,,,,,,,,,,,,,,,
"Almaty 20MPC, China-Kyrgyzstan-Kazakhstan",,,,,,,,,,,,,,,,,,,,,,,,,,
"Wuhan 20MPC, China",,,,,,,,,,,,,,,,,,,,,,,,,,
"Munich 20MPC, Germany-Czech Republic",,,,,,,,,,,,,,,,,,,,,,,,,,
"Kano 20MPC, Nigeria",,,,,,,,,,,,,,,,,,,,,,,,,,
"Zhengzhou 20MPC, China",,,,,,,,,,,,,,,,,,,,,,,,,,
"Damascus 20MPC, Syria-Lebanon",,,,,,,,,,,,,,,,,,,,,,,,,,
"Rotterdam [The Hague] 20MPC, Netherlands-Belgium-Germany",,,,,,,,,,,,,,,,,,,,,,,,,,
"Enshi 20MPC, China",,,,,,,,,,,,,,,,,,,,,,,,,,
"Amman 20MPC, Jordan-Israel-State of Palestine",,,,,,,,,,,,,,,,,,,,,,,,,,
"Chicago 20MPC, USA",0.1596399195554669,0.10947617427559456,0.23205005114380198,0.10303653158546454,0.30504495310687496,0.06268221901102851,0.028636678801819145,0.06453804438732368,0.05356605614680689,0.10210330472784028,0.34808020005575335,0.029418696729722565,0.2862323128200876,0.06202532088558006,0.05004891292337904,0.13638071115332373,0.13457691661058507,0.03781036162327081,0.08039120637390139,0.17546067654790945,0.16027459667599778,0.25341869552680346,0.3338454285471255,0.751666851852467,0.6459431925698632,0.8225784479725766
"Virginia Beach 20MPC, USA-Canada",,,,,,,,,,,,,,,,,,,,,,,,,,
"Shijiazhuang 20MPC, China",,,,,,,,,,,,,,,,,,,,,,,,,,
"Algiers 20MPC, Algeria",,,,,,,,,,,,,,,,,,,,,,,,,,
"Kaifeng 20MPC, China",,,,,,,,,,,,,,,,,,,,,,,,,,
"Samara 20MPC, Russia-Kazakhstan",,,,,,,,,,,,,,,,,,,,,,,,,,
"Yekaterinburg 20MPC, Russia",,,,,,,,,,,,,,,,,,,,,,,,,,
"Qiqihar 20MPC, China",,,,,,,,,,,,,,,,,,,,,,,,,,
"Miami 20MPC, USA",0.17895230729342235,0.1232348934951169,0.2682640394235781,0.10427776663484517,0.3395216390931618,0.06957067636580104,0.031609705201884226,0.07570033914851794,0.06344030106625771,0.11329064190904792,0.35925843432674304,0.033198565310696565,0.3082986938889503,0.07226797181771165,0.05478410305240777,0.14369272355477777,0.148002798906159,0.04237865245260245,0.08501597775376869,0.1655545366606307,0.1763018427858644,0.2610754203780196,0.3425174571056948,0.7343522688378777,0.5834282482319711,0.8355309634737095
"Đà Nẵng 20MPC, Vietnam-Cambodia-Laos",,,,,,,,,,,,,,,,,,,,,,,,,,
"Lanzhou 20MPC, China",,,,,,,,,,,,,,,,,,,,,,,,,,
"Bandung 20MPC, Indonesia",,,,,,,,,,,,,,,,,,,,,,,,,,
"Copenhagen 20MPC, Germany-Denmark-Poland",,,,,,,,,,,,,,,,,,,,,,,,,,
"Ilorin 20MPC, Nigeria",,,,,,,,,,,,,,,,,,,,,,,,,,
"Guwahati 20MPC, India",,,,,,,,,,,,,,,,,,,,,,,,,,
"Mianyang 20MPC, China",,,,,,,,,,,,,,,,,,,,,,,,,,
"Udaipur (Rājasthān) 20MPC, India",,,,,,,,,,,,,,,,,,,,,,,,,,
"Delhi [New Delhi] (Outer) 20MPC, India",,,,,,,,,,,,,,,,,,,,,,,,,,
"Guangzhou (Center East) 20MPC, China",,,,,,,,,,,,,,,,,,,,,,,,,,
"Dharwad 20MPC, India",,,,,,,,,,,,,,,,,,,,,,,,,,
"Nanjing (Jiangsu Sheng) 20MPC, China",,,,,,,,,,,,,,,,,,,,,,,,,,
"Tasikmalaya 20MPC, Indonesia",,,,,,,,,,,,,,,,,,,,,,,,,,
"Abidjan 20MPC, Ivory Coast",,,,,,,,,,,,,,,,,,,,,,,,,,
"Tokyo (Outer) 20MPC, Japan",,,,,,,,,,,,,,,,,,,,,,,,,,
"Tashkent 20MPC, Uzbekistan-Kazakhstan-Tajikistan",,,,,,,,,,,,,,,,,,,,,,,,,,
"Jakarta (Center) 20MPC, Indonesia",,,,,,,,,,,,,,,,,,,,,,,,,,
"Xinxiang (Northern Henan Sheng) 20MPC, China",,,,,,,,,,,,,,,,,,,,,,,,,,
"Faizabad 20MPC, India",,,,,,,,,,,,,,,,,,,,,,,,,,
"Chihuahua 20MPC, Mexico",,,,,,,,,,,,,,,,,,,,,,,,,,
"Baku 20MPC, Azerbaijan-Russia-Armenia",,,,,,,,,,,,,,,,,,,,,,,,,,
"Tunis 20MPC, Tunisia-Algeria-Italy",,,,,,,,,,,,,,,,,,,,,,,,,,
"Jaipur 20MPC, India",,,,,,,,,,,,,,,,,,,,,,,,,,
"Ahmedabad 20MPC, India",,,,,,,,,,,,,,,,,,,,,,,,,,
"Maiduguri 20MPC, Nigeria-Cameroon",,,,,,,,,,,,,,,,,,,,,,,,,,
"Mbuji-Mayi 20MPC, Democratic Republic of the Congo",,,,,,,,,,,,,,,,,,,,,,,,,,
"Bogota 20MPC, Colombia",,,,,,,,,,,,,,,,,,,,,,,,,,
"Washington D.C. 20MPC, USA",0.14860728700143355,0.10325117583482951,0.2430404653692703,0.10327353231660837,0.3115023538496813,0.06587631582481578,0.028387727519141644,0.05874453176239488,0.05288555639337371,0.09800771967023408,0.3278854212488395,0.02905473190326329,0.25752492064265453,0.056880427707686684,0.04576488452033356,0.11974495709298669,0.11910240464498091,0.034082367748578056,0.07040544165400138,0.16098312024992098,0.14460401344448398,0.23181812232512877,0.3429666204913609,0.7450576249494193,0.6615051824165558,0.8659721058951204
"Rizhao 20MPC, China",,,,,,,,,,,,,,,,,,,,,,,,,,
"Bangui 20MPC, Democratic Republic of the Congo-Central African Republic-Chad",,,,,,,,,,,,,,,,,,,,,,,,,,
"Athens 20MPC, Greece-Italy-Romania",,,,,,,,,,,,,,,,,,,,,,,,,,
"Oran 20MPC, Algeria-Spain",,,,,,,,,,,,,,,,,,,,,,,,,,
"Palembang 20MPC, Indonesia",,,,,,,,,,,,,,,,,,,,,,,,,,
"Sydney 20MPC, Australia",,,,,,,,,,,,,,,,,,,,,,,,,,
"Khulna 20MPC, Bangladesh",,,,,,,,,,,,,,,,,,,,,,,,,,
"Guatemala City 20MPC, Guatemala-El Salvador",,,,,,,,,,,,,,,,,,,,,,,,,,
"Kathmandu 20MPC, Nepal-India",,,,,,,,,,,,,,,,,,,,,,,,,,
"Gwalior 20MPC, India",,,,,,,,,,,,,,,,,,,,,,,,,,
"Saharanpur 20MPC, India",,,,,,,,,,,,,,,,,,,,,,,,,,
"Linfen 20MPC, China",,,,,,,,,,,,,,,,,,,,,,,,,,
"Kollam 20MPC, India",,,,,,,,,,,,,,,,,,,,,,,,,,
"Hefei 20MPC, China",,,,,,,,,,,,,,,,,,,,,,,,,,
"Hawassa 20MPC, Ethiopia",,,,,,,,,,,,,,,,,,,,,,,,,,
"Tegucigalpa 20MPC, Honduras-Nicaragua-El Salvador",,,,,,,,,,,,,,,,,,,,,,,,,,
"Begusarai 20MPC, India",,,,,,,,,,,,,,,,,,,,,,,,,,
"Puebla 20MPC, Mexico",,,,,,,,,,,,,,,,,,,,,,,,,,
"Kharagpur 20MPC, India",,,,,,,,,,,,,,,,,,,,,,,,,,
"Kurnool 20MPC, India",,,,,,,,,,,,,,,,,,,,,,,,,,
"Surat 20MPC, India",,,,,,,,,,,,,,,,,,,,,,,,,,
"Raipur 20MPC, India",,,,,,,,,,,,,,,,,,,,,,,,,,
"Hue 20MPC, Vietnam-Myanmar-Thailand",,,,,,,,,,,,,,,,,,,,,,,,,,
"Pune (Center) 20MPC, India",,,,,,,,,,,,,,,,,,,,,,,,,,
"Denpasar 20MPC, Indonesia",,,,,,,,,,,,,,,,,,,,,,,,,,
"Kampala 20MPC, Uganda",,,,,,,,,,,,,,,,,,,,,,,,,,
"Addis Ababa 20MPC, Ethiopia",,,,,,,,,,,,,,,,,,,,,,,,,,
"Chongqing 20MPC, China",,,,,,,,,,,,,,,,,,,,,,,,,,
"Jeddah 20MPC, Saudi Arabia-Sudan-Ethiopia",,,,,,,,,,,,,,,,,,,,,,,,,,
"Barcelona 20MPC, Spain-Ireland-Germany",,,,,,,,,,,,,,,,,,,,,,,,,,
"Caracas 20MPC, Venezuela",,,,,,,,,,,,,,,,,,,,,,,,,,
"Nanded-Waghala 20MPC, India",,,,,,,,,,,,,,,,,,,,,,,,,,
"Lusaka 20MPC, Zimbabwe-Zambia",,,,,,,,,,,,,,,,,,,,,,,,,,
"Harbin 20MPC, China",,,,,,,,,,,,,,,,,,,,,,,,,,
"Taiyuan 20MPC, China",,,,,,,,,,,,,,,,,,,,,,,,,,
"Farrukhabad 20MPC, India",,,,,,,,,,,,,,,,,,,,,,,,,,
"Jalpaiguri 20MPC, Bangladesh-India",,,,,,,,,,,,,,,,,,,,,,,,,,
"Los Angeles 20MPC, USA",0.17556641650889754,0.11036458571904766,0.18180036211987077,0.0943850674964326,0.2614321954445343,0.051521971449411584,0.027751024311251853,0.04840956835998153,0.04464521067955177,0.10506751182337835,0.2905562790844235,0.026191554244367962,0.26353908744879945,0.05546126276784419,0.05643863497106457,0.1332685954270812,0.11540868071992273,0.038418287714547375,0.07421288895918117,0.1607650405398913,0.11321757120763122,0.20829650596976979,0.3330093312812239,0.6276727087088061,0.6133908174121079,0.8428520371725552
"Ranchi 20MPC, India",,,,,,,,,,,,,,,,,,,,,,,,,,
"Jinan 20MPC, China",,,,,,,,,,,,,,,,,,,,,,,,,,
"Dire Dawa 20MPC, Ethiopia",,,,,,,,,,,,,,,,,,,,,,,,,,
"Guayaquil 20MPC, Ecuador-Colombia",,,,,,,,,,,,,,,,,,,,,,,,,,
"Jabalpur 20MPC, India",,,,,,,,,,,,,,,,,,,,,,,,,,
"Zhanjiang 20MPC, China",,,,,,,,,,,,,,,,,,,,,,,,,,
"Zibo 20MPC, China",,,,,,,,,,,,,,,,,,,,,,,,,,
"Belagavi 20MPC, India",,,,,,,,,,,,,,,,,,,,,,,,,,
"Sargodha 20MPC, Pakistan",,,,,,,,,,,,,,,,,,,,,,,,,,
"Xiamen 20MPC, China",,,,,,,,,,,,,,,,,,,,,,,,,,
"Rio de Janeiro 20MPC, Brazil",,,,,,,,,,,,,,,,,,,,,,,,,,
"Sylhet 20MPC, Bangladesh",,,,,,,,,,,,,,,,,,,,,,,,,,
"Khon Kaen 20MPC, Thailand-Cambodia",,,,,,,,,,,,,,,,,,,,,,,,,,
"Santiago 20MPC, Chile-Argentina",,,,,,,,,,,,,,,,,,,,,,,,,,
"Tamale 20MPC, Ghana-Ivory Coast-Mali",,,,,,,,,,,,,,,,,,,,,,,,,,
"Lucknow 20MPC, India",,,,,,,,,,,,,,,,,,,,,,,,,,
"Rajkot 20MPC, India",,,,,,,,,,,,,,,,,,,,,,,,,,
"Lubumbashi 20MPC, Democratic Republic of the Congo-Zambia",,,,,,,,,,,,,,,,,,,,,,,,,,
"Osaka [Kyoto] (Outer) 20MPC, Japan",,,,,,,,,,,,,,,,,,,,,,,,,,
"Sokoto 20MPC, Nigeria-Niger",,,,,,,,,,,,,,,,,,,,,,,,,,
"Kermanshah 20MPC, Iran-Turkey-Iraq",,,,,,,,,,,,,,,,,,,,,,,,,,
"Atlanta 20MPC, USA",0.17606506786383927,0.12225363841601145,0.259336822694431,0.10149470247847682,0.34786519045512926,0.06319229706828243,0.030587735083746743,0.07276934095821012,0.05863937787119355,0.11548034657122175,0.35642125197340785,0.03226144089264078,0.3063140476349731,0.06604751470215155,0.05680776057126933,0.14755166280056956,0.14602353508552943,0.04265699290136944,0.08654228330396592,0.15937566136680933,0.17702530705944186,0.2543148617121284,0.3493990050046642,0.7644864795501214,0.6080425561470055,0.8528423933045157
"Kigali 20MPC, Rwanda-Burundi-Democratic Republic of the Congo",,,,,,,,,,,,,,,,,,,,,,,,,,
"Comilla 20MPC, Bangladesh",,,,,,,,,,,,,,,,,,,,,,,,,,
"Fancheng 20MPC, China",,,,,,,,,,,,,,,,,,,,,,,,,,
"Visakhapatnam 20MPC, India",,,,,,,,,,,,,,,,,,,,,,,,,,
"Kuchai Kot 20MPC, India",,,,,,,,,,,,,,,,,,,,,,,,,,
"Sialkot 20MPC, Pakistan-India",,,,,,,,,,,,,,,,,,,,,,,,,,
"Nimule 20MPC, Uganda-South Sudan-Democratic Republic of the Congo",,,,,,,,,,,,,,,,,,,,,,,,,,
"Nanchong 20MPC, China",,,,,,,,,,,,,,,,,,,,,,,,,,
"Handan 20MPC, China",,,,,,,,,,,,,,,,,,,,,,,,,,
"Bamako 20MPC, Mali-Burkina Faso-Guinea",,,,,,,,,,,,,,,,,,,,,,,,,,
"Jimma (Southern Oromīya) 20MPC, Ethiopia",,,,,,,,,,,,,,,,,,,,,,,,,,
"Lubango 20MPC, Angola-Zambia-Namibia",,,,,,,,,,,,,,,,,,,,,,,,,,
"Rawalpindi [Islamabad] 20MPC, Pakistan",,,,,,,,,,,,,,,,,,,,,,,,,,
"Gorakhpur 20MPC, India",,,,,,,,,,,,,,,,,,,,,,,,,,
"Yuxi 20MPC, China",,,,,,,,,,,,,,,,,,,,,,,,,,
"Yogyakarta 20MPC, Indonesia",,,,,,,,,,,,,,,,,,,,,,,,,,
"Bikaner 20MPC, Pakistan-India",,,,,,,,,,,,,,,,,,,,,,,,,,
"Kisangani 20MPC, Democratic Republic of the Congo",,,,,,,,,,,,,,,,,,,,,,,,,,
"Sultanpur 20MPC, India-Nepal",,,,,,,,,,,,,,,,,,,,,,,,,,
"Changsha 20MPC, China",,,,,,,,,,,,,,,,,,,,,,,,,,
"Bahir Dar 20MPC, Ethiopia",,,,,,,,,,,,,,,,,,,,,,,,,,
"Anlu 20MPC, China",,,,,,,,,,,,,,,,,,,,,,,,,,
"Yinchuan 20MPC, China",,,,,,,,,,,,,,,,,,,,,,,,,,
"Phoenix 20MPC, USA",0.15697624185320735,0.11286686287103281,0.22602119223149053,0.10456446990428017,0.2748579927288118,0.061738070163147474,0.029067301190270848,0.05868998263744873,0.050898620574715205,0.09199034038956665,0.3026890811737767,0.027464007160885314,0.27672897642095734,0.06282128098702945,0.05066062535735072,0.13977840849816509,0.11859866488321016,0.036461998688218054,0.07429251688943889,0.1683831882887912,0.14434498658681752,0.2088988049747411,0.31183518856109116,0.6653162825808263,0.631203763973563,0.8094795654568526
"Myitkyina 20MPC, China-Myanmar",,,,,,,,,,,,,,,,,,,,,,,,,,
"Kharkiv 20MPC, Ukraine-Russia",,,,,,,,,,,,,,,,,,,,,,,,,,
"Chhapra 20MPC, India",,,,,,,,,,,,,,,,,,,,,,,,,,
"Campinas 20MPC, Brazil",,,,,,,,,,,,,,,,,,,,,,,,,,
"Mandalay 20MPC, Myanmar-Bangladesh",,,,,,,,,,,,,,,,,,,,,,,,,,
"Nanning 20MPC, China",,,,,,,,,,,,,,,,,,,,,,,,,,
"Vijayawada 20MPC, India",,,,,,,,,,,,,,,,,,,,,,,,,,
"Onitsha 20MPC, Nigeria",,,,,,,,,,,,,,,,,,,,,,,,,,
"Moradabad 20MPC, India",,,,,,,,,,,,,,,,,,,,,,,,,,
"Dallas 20MPC, USA",0.18303544100343885,0.11230506570821219,0.20312483581197224,0.09764138682501727,0.30681457907281157,0.053439322499820016,0.02754859096012183,0.061137527507069654,0.04849965378592144,0.10504115343074578,0.35184667941860026,0.027657311582828012,0.2871358653293252,0.05761391736658366,0.057893597483339894,0.14556442931341165,0.12574459506392824,0.04103037348821539,0.0825761973248628,0.18428476200569077,0.15793427913374408,0.2537342048872487,0.34171672024126715,0.6998323793141313,0.5489954989967757,0.824673262059576
"Varanasi (West) 20MPC, India",,,,,,,,,,,,,,,,,,,,,,,,,,
"Guangzhou (Outer) 20MPC, China",,,,,,,,,,,,,,,,,,,,,,,,,,
"Huaibei 20MPC, China",,,,,,,,,,,,,,,,,,,,,,,,,,
"Chapainawabganj 20MPC, India-Bangladesh",,,,,,,,,,,,,,,,,,,,,,,,,,
"Kunming 20MPC, China",,,,,,,,,,,,,,,,,,,,,,,,,,
"Bhopal 20MPC, India",,,,,,,,,,,,,,,,,,,,,,,,,,
"Columbus (Ohio) 20MPC, USA",0.17754955801625624,0.12443940238807688,0.28442272520243894,0.10776985774399683,0.3463489314753241,0.06935201474294556,0.030382919319385773,0.08162409424329635,0.06443678789033835,0.11211135473220137,0.37620548467827364,0.032325047730521556,0.3062088701837634,0.06862636959283044,0.05033467243763277,0.14600094533339802,0.1476492013203154,0.039597246557946275,0.0858060990245504,0.16724538421856838,0.18693631829153565,0.2644062596361544,0.36107637057350844,0.7618914437175717,0.6284198467829699,0.8443519627851271
"Jakarta (Outer) 20MPC, Indonesia",,,,,,,,,,,,,,,,,,,,,,,,,,
"Ajmer 20MPC, India",,,,,,,,,,,,,,,,,,,,,,,,,,
"Lisbon 20MPC, Spain-Portugal",,,,,,,,,,,,,,,,,,,,,,,,,,
"Achalpur 20MPC, India",,,,,,,,,,,,,,,,,,,,,,,,,,
"Ouagadougou 20MPC, Burkina Faso-Ghana",,,,,,,,,,,,,,,,,,,,,,,,,,
"Mysuru 20MPC, India",,,,,,,,,,,,,,,,,,,,,,,,,,
"Mosul 20MPC, Iraq-Iran-Turkey",,,,,,,,,,,,,,,,,,,,,,,,,,
"Qingdao 20MPC, China",,,,,,,,,,,,,,,,,,,,,,,,,,
"Guilin 20MPC, China",,,,,,,,,,,,,,,,,,,,,,,,,,
"Busan 20MPC, South Korea",,,,,,,,,,,,,,,,,,,,,,,,,,
"Phuket 20MPC, Thailand-Indonesia-Malaysia",,,,,,,,,,,,,,,,,,,,,,,,,,
"Salvador 20MPC, Brazil",,,,,,,,,,,,,,,,,,,,,,,,,,
"Kandahar 20MPC, Pakistan-Afghanistan-China",,,,,,,,,,,,,,,,,,,,,,,,,,
"Conakry 20MPC, Sierra Leone-Guinea-Liberia",,,,,,,,,,,,,,,,,,,,,,,,,,
"Patna 20MPC, India",,,,,,,,,,,,,,,,,,,,,,,,,,
"Kuwait City 20MPC, Iran-Iraq-Kuwait",,,,,,,,,,,,,,,,,,,,,,,,,,
"Nampula 20MPC, Mozambique-Tanzania-Malawi",,,,,,,,,,,,,,,,,,,,,,,,,,
"Douala 20MPC, Cameroon-Nigeria",,,,,,,,,,,,,,,,,,,,,,,,,,
"Bucharest 20MPC, Romania-Serbia",,,,,,,,,,,,,,,,,,,,,,,,,,
"Monterrey 20MPC, Mexico",,,,,,,,,,,,,,,,,,,,,,,,,,
"Kabul 20MPC, Afghanistan-Pakistan",,,,,,,,,,,,,,,,,,,,,,,,,,
"Turin 20MPC, Switzerland-France-Italy",,,,,,,,,,,,,,,,,,,,,,,,,,
"Ningbo 20MPC, China",,,,,,,,,,,,,,,,,,,,,,,,,,
"Nizhny Novgorod 20MPC, Russia",,,,,,,,,,,,,,,,,,,,,,,,,,
"Mashhad 20MPC, Iran-Afghanistan-Turkmenistan",,,,,,,,,,,,,,,,,,,,,,,,,,
"Salem 20MPC, India",,,,,,,,,,,,,,,,,,,,,,,,,,
"Alexandria 20MPC, Egypt",,,,,,,,,,,,,,,,,,,,,,,,,,
"Oslo 20MPC, Russia-Norway-Finland",,,,,,,,,,,,,,,,,,,,,,,,,,
"Osaka [Kyoto] (Center) 20MPC, Japan",,,,,,,,,,,,,,,,,,,,,,,,,,
"Berlin 20MPC, Germany",,,,,,,,,,,,,,,,,,,,,,,,,,
"Charsadda 20MPC, Afghanistan-Pakistan",,,,,,,,,,,,,,,,,,,,,,,,,,
"Budapest 20MPC, Poland-Slovakia-Czech Republic",,,,,,,,,,,,,,,,,,,,,,,,,,
"Curitiba 20MPC, Brazil",,,,,,,,,,,,,,,,,,,,,,,,,,
"Dalian 20MPC, China",,,,,,,,,,,,,,,,,,,,,,,,,,
"Hyderabad (Center) 20MPC, Pakistan",,,,,,,,,,,,,,,,,,,,,,,,,,
"Jieyang 20MPC, China",,,,,,,,,,,,,,,,,,,,,,,,,,
"El Alto [La Paz] 20MPC, Bolivia-Peru",,,,,,,,,,,,,,,,,,,,,,,,,,
"Siliguri 20MPC, India-Bangladesh-Nepal",,,,,,,,,,,,,,,,,,,,,,,,,,
"Cotonou 20MPC, Benin-Togo-Nigeria",,,,,,,,,,,,,,,,,,,,,,,,,,
"Nouakchott 20MPC, Mauritania-Mali-Morocco",,,,,,,,,,,,,,,,,,,,,,,,,,
"Marrakesh 20MPC, Morocco-Spain-Algeria",,,,,,,,,,,,,,,,,,,,,,,,,,
"Memphis 20MPC, USA",0.21166459456870293,0.13517652973879624,0.28385953417213994,0.10633227263590614,0.3884213213981902,0.06537723834432183,0.03239803055550941,0.08347307142472536,0.06612042030261552,0.1279451663655684,0.38710541202577403,0.03606344632793317,0.3490023971491151,0.06988165866341975,0.0638178775533041,0.16996191948001424,0.17474245877905045,0.04908695417398006,0.10058159193880405,0.14896953771811558,0.20223027690318884,0.3083974938685809,0.3620264241242655,0.7689620173303298,0.5695029462018144,0.8419867905546217
"Port Harcourt 20MPC, Nigeria",,,,,,,,,,,,,,,,,,,,,,,,,,
"Sohag 20MPC, Egypt",,,,,,,,,,,,,,,,,,,,,,,,,,
"Hamhung 20MPC, China-North Korea",,,,,,,,,,,,,,,,,,,,,,,,,,
"Vinh 20MPC, Thailand-Vietnam-Laos",,,,,,,,,,,,,,,,,,,,,,,,,,
"Gaziantep 20MPC, Turkey",,,,,,,,,,,,,,,,,,,,,,,,,,
"Kaduna 20MPC, Nigeria",,,,,,,,,,,,,,,,,,,,,,,,,,
"Deoghar 20MPC, India",,,,,,,,,,,,,,,,,,,,,,,,,,
"Minneapolis [Saint Paul] 20MPC, USA",0.14387551525156747,0.10387034357855762,0.2429661064387325,0.09882893976682357,0.3024752639608976,0.06777863805515615,0.027969032360818345,0.062247134573967536,0.054776250841908916,0.09252324258768095,0.3549980920518619,0.028534903723830232,0.2677096107510778,0.06660581673890544,0.04259691344109398,0.12707244899595133,0.11916386959701578,0.03396880429229385,0.07170017621059739,0.19702823463142569,0.16162877399197273,0.23594935476308745,0.3042705496017226,0.7293002598774252,0.6627279792186674,0.810783753738139
"Kota Kinabalu 20MPC, Philippines-Malaysia-Indonesia",,,,,,,,,,,,,,,,,,,,,,,,,,
"Guadalajara 20MPC, Mexico",,,,,,,,,,,,,,,,,,,,,,,,,,
"Lima (Center) 20MPC, Peru",,,,,,,,,,,,,,,,,,,,,,,,,,
"Campo Grande 20MPC, Brazil-Paraguay",,,,,,,,,,,,,,,,,,,,,,,,,,
"Urgench 20MPC, Afghanistan-Uzbekistan-Iran",,,,,,,,,,,,,,,,,,,,,,,,,,
"Cape Town 20MPC, South Africa",,,,,,,,,,,,,,,,,,,,,,,,,,
"Saint Petersburg 20MPC, Russia-Lithuania-Latvia",,,,,,,,,,,,,,,,,,,,,,,,,,
"Zhangjiakou 20MPC, China",,,,,,,,,,,,,,,,,,,,,,,,,,
"Kalemie 20MPC, Tanzania-Democratic Republic of the Congo",,,,,,,,,,,,,,,,,,,,,,,,,,
"Belo Horizonte 20MPC, Brazil",,,,,,,,,,,,,,,,,,,,,,,,,,
"San Jose 20MPC, USA",0.16855080719970988,0.11146696621628277,0.19961229899757857,0.09728983276236851,0.27447908661938686,0.05678501118327959,0.02780317965074358,0.0546544344321281,0.04843772539833209,0.1003095597462208,0.2906193652027444,0.02707883685070242,0.26893182952554795,0.05873442006813395,0.053000151995016384,0.13497296895324673,0.11787772999394791,0.03753765057118184,0.07429369317071607,0.15678204073943017,0.12639080625437032,0.20824063716947833,0.3188593827314166,0.614717496427635,0.6264715577542693,0.8316772161729101
"Río Piedras [San Juan] 20MPC, Venezuela-USA-Colombia",,,,,,,,,,,,,,,,,,,,,,,,,,
"Sofia 20MPC, Greece-Bulgaria-North Macedonia",,,,,,,,,,,,,,,,,,,,,,,,,,
"Melbourne 20MPC, Papua New Guinea-Indonesia-Australia",,,,,,,,,,,,,,,,,,,,,,,,,,
"Pontianak 20MPC, Indonesia-Malaysia",,,,,,,,,,,,,,,,,,,,,,,,,,
"Gonder 20MPC, Ethiopia-Sudan-South Sudan",,,,,,,,,,,,,,,,,,,,,,,,,,
"Maputo 20MPC, South Africa-Mozambique-Eswatini",,,,,,,,,,,,,,,,,,,,,,,,,,
"Huizhou 20MPC, China",,,,,,,,,,,,,,,,,,,,,,,,,,
"Djibouti 20MPC, Ethiopia-Yemen-Eritrea",,,,,,,,,,,,,,,,,,,,,,,,,,
"Medan 20MPC, Indonesia-Malaysia",,,,,,,,,,,,,,,,,,,,,,,,,,
"Madrid 20MPC, Spain",,,,,,,,,,,,,,,,,,,,,,,,,,
"San Antonio 20MPC, USA",0.213749584066344,0.13182081906633233,0.24740515944999544,0.10353180837916842,0.35090576677505664,0.06175588904381011,0.03196084610051875,0.07671391593295528,0.06316800933503604,0.12486530680768869,0.38985854726085406,0.03330098724621434,0.34536592511856645,0.07512228822684605,0.0673267537612856,0.1651726807371736,0.16242274051795358,0.048766264655948,0.09598929303630198,0.16524619703580268,0.1844014318726073,0.2939264683914478,0.347435078912427,0.7205909888195186,0.5361875122554701,0.8145462055117263
"Kochi 20MPC, India",,,,,,,,,,,,,,,,,,,,,,,,,,
"Havana 20MPC, Cuba-Mexico-Jamaica",,,,,,,,,,,,,,,,,,,,,,,,,,
"Volgograd 20MPC, Russia-China-India",,,,,,,,,,,,,,,,,,,,,,,,,,
"Belém 20MPC, Brazil",,,,,,,,,,,,,,,,,,,,,,,,,,
"Polokwane 20MPC, Mozambique-Zambia-South Africa",,,,,,,,,,,,,,,,,,,,,,,,,,
"Jiangyou 20MPC, China",,,,,,,,,,,,,,,,,,,,,,,,,,
"Riyadh 20MPC, Saudi Arabia-Iraq-Kuwait",,,,,,,,,,,,,,,,,,,,,,,,,,
"Chattogram (Center) 20MPC, Bangladesh",,,,,,,,,,,,,,,,,,,,,,,,,,
"Novosibirsk 20MPC, Russia-China-Kazakhstan",,,,,,,,,,,,,,,,,,,,,,,,,,
"Kuala Lumpur 20MPC, Malaysia-Singapore",,,,,,,,,,,,,,,,,,,,,,,,,,
"Lima (Outer) 20MPC, Peru-Cuba-Ecuador",,,,,,,,,,,,,,,,,,,,,,,,,,
"Asuncion 20MPC, Argentina-Brazil-Paraguay",,,,,,,,,,,,,,,,,,,,,,,,,,
"Sincan 20MPC, Turkey",,,,,,,,,,,,,,,,,,,,,,,,,,
"Acapulco 20MPC, Canada-Mexico-USA",,,,,,,,,,,,,,,,,,,,,,,,,,
"Libreville 20MPC, Chad-Democratic Republic of the Congo-Kenya",,,,,,,,,,,,,,,,,,,,,,,,,,
"Edmonton 20MPC, USA-Canada",,,,,,,,,,,,,,,,,,,,,,,,,,
"Doha 20MPC, Iran-Qatar-Bahrain",,,,,,,,,,,,,,,,,,,,,,,,,,
