longname,Poverty %,LICO-AT %,Household Income < $50k %,Household Income $50k - $100k %,Household Income > $100k %,Household income < C$50k %,Household income C$50k - C$100k %,Household income > C$100k %,Individual Income < $50k %,Individual Income $50k - $100k %,Individual Income > $100k %,Individual income < C$50k %,Individual income C$50k - C$100k %,Individual income > C$100k %
"Zahedan 5MPC, Egypt-Russia-Iran",,,,,,,,,,,,,,
"Naha (Center) 5MPC, China-Philippines-Japan",,,,,,,,,,,,,,
"Perth 5MPC, Australia-Mauritius-Chile",,,,,,,,,,,,,,
"Naha (Outer) 5MPC, Russia-Fiji-Japan",,,,,,,,,,,,,,
"Voronezh 5MPC, Russia",,,,,,,,,,,,,,
"Windhoek 5MPC, South Africa-Mozambique-Namibia",,,,,,,,,,,,,,
"Uberlândia 5MPC, Brazil",,,,,,,,,,,,,,
"Sana'a (Outer) 5MPC, Yemen",,,,,,,,,,,,,,
"Puri 5MPC, India-Myanmar",,,,,,,,,,,,,,
"Zaragoza 5MPC, Spain-Italy-France",,,,,,,,,,,,,,
"Tiruvannamalai 5MPC, India",,,,,,,,,,,,,,
"Karaganda 5MPC, Kazakhstan-China-Turkmenistan",,,,,,,,,,,,,,
"Khandwa 5MPC, India",,,,,,,,,,,,,,
"Nanchuan 5MPC, China",,,,,,,,,,,,,,
"Longkou 5MPC, China",,,,,,,,,,,,,,
"Kuwait City (Outer) 5MPC, Iran-Kuwait-Iraq",,,,,,,,,,,,,,
"Samara 5MPC, Russia",,,,,,,,,,,,,,
"Varna 5MPC, Bulgaria-Ukraine-Moldova",,,,,,,,,,,,,,
"Ramanathapuram 5MPC, India",,,,,,,,,,,,,,
"Santiago 5MPC, Chile",,,,,,,,,,,,,,
"Hotan 5MPC, India-China-Pakistan",,,,,,,,,,,,,,
"Port of Spain 5MPC, Brazil-Trinidad and Tobago-Guyana",,,,,,,,,,,,,,
"Malabo 5MPC, Nigeria-Equatorial Guinea",,,,,,,,,,,,,,
"Kolkata (Outer South) 5MPC, India",,,,,,,,,,,,,,
"Dallas (Outer) 5MPC, USA",0.12376005379625939,,0.36362444969804536,0.30415939629797695,0.33221615400397764,,,,0.6564490339149597,0.2363286718718882,0.10722229421315209,,,
"Nancy 5MPC, Germany-France-Switzerland",,,,,,,,,,,,,,
"Kuito 5MPC, Angola",,,,,,,,,,,,,,
"Petrolina 5MPC, Brazil",,,,,,,,,,,,,,
"Delhi [New Delhi] (Outer Southeast) 5MPC, India",,,,,,,,,,,,,,
"Libreville 5MPC, Nigeria-Gabon-Equatorial Guinea",,,,,,,,,,,,,,
"Quetta 5MPC, Pakistan-Afghanistan",,,,,,,,,,,,,,
"Dharwad 5MPC, India",,,,,,,,,,,,,,
"Jalpaiguri 5MPC, India-Nepal",,,,,,,,,,,,,,
"Kagoshima 5MPC, Japan-South Korea",,,,,,,,,,,,,,
"Xuancheng 5MPC, China",,,,,,,,,,,,,,
"北塘 5MPC, China",,,,,,,,,,,,,,
"Moundou 5MPC, Chad",,,,,,,,,,,,,,
"Tokyo (Periphery) 5MPC, Japan",,,,,,,,,,,,,,
"Kolkata (Periphery) 5MPC, India",,,,,,,,,,,,,,
"Vinh 5MPC, Vietnam-Laos-Thailand",,,,,,,,,,,,,,
"Bengaluru (Periphery) 5MPC, India",,,,,,,,,,,,,,
"Qinzhou 5MPC, China",,,,,,,,,,,,,,
"Dhaka (Outer North) 5MPC, Bangladesh",,,,,,,,,,,,,,
"Kalaburagi 5MPC, India",,,,,,,,,,,,,,
"Brighton 5MPC, United Kingdom",,,,,,,,,,,,,,
"Pune (Outer) 5MPC, India",,,,,,,,,,,,,,
"New York (Center) 5MPC, USA",0.18063339406890047,,0.3780475930262028,0.23517121721435988,0.3867811897594374,,,,0.582485040038703,0.2269161317848369,0.19059882817646,,,
"Huize (Southern Yunnan Sheng) 5MPC, China",,,,,,,,,,,,,,
"Djelfa 5MPC, Algeria",,,,,,,,,,,,,,
"Suzhou (Jiangsu Sheng) (Center North) 5MPC, China",,,,,,,,,,,,,,
"Jakarta (Center East-Southeast) 5MPC, Indonesia",,,,,,,,,,,,,,
"Larissa 5MPC, Greece-Serbia-Albania",,,,,,,,,,,,,,
"Provo 5MPC, Mexico-USA",,,,,,,,,,,,,,
"Tachileik 5MPC, Myanmar-Thailand-Laos",,,,,,,,,,,,,,
"Hezhou 5MPC, China",,,,,,,,,,,,,,
"Houston (Outer) 5MPC, USA",0.14017024984622317,,0.39066330814871875,0.27969052947245104,0.3296461623788301,,,,0.6522728093180676,0.22552053036111427,0.12220666032081806,,,
"Yingkou 5MPC, China",,,,,,,,,,,,,,
"Buenos Aires (Outer) 5MPC, Argentina",,,,,,,,,,,,,,
"Ngaoundéré 5MPC, Chad-Nigeria-Cameroon",,,,,,,,,,,,,,
"Dhaka (Outer South) 5MPC, Bangladesh",,,,,,,,,,,,,,
"Mbarara 5MPC, Tanzania-Uganda-Rwanda",,,,,,,,,,,,,,
"Myeik 5MPC, Thailand-Myanmar-Cambodia",,,,,,,,,,,,,,
"Mirzapur 5MPC, India",,,,,,,,,,,,,,
"Tampico 5MPC, Mexico",,,,,,,,,,,,,,
"Tokyo (Outer East) 5MPC, Japan",,,,,,,,,,,,,,
"Lichinga 5MPC, Tanzania-Mozambique",,,,,,,,,,,,,,
"Linhai 5MPC, China",,,,,,,,,,,,,,
"Timișoara 5MPC, Romania-Slovakia-Hungary",,,,,,,,,,,,,,
"Lausanne 5MPC, France-Switzerland",,,,,,,,,,,,,,
"Mogadishu (Outer) 5MPC, Somalia-Ethiopia",,,,,,,,,,,,,,
"Eskisehir 5MPC, Turkey",,,,,,,,,,,,,,
"Kitwe 5MPC, Zambia-Democratic Republic of the Congo",,,,,,,,,,,,,,
"Seoul (Center East) 5MPC, South Korea",,,,,,,,,,,,,,
"Kolkata (Outer North) 5MPC, India",,,,,,,,,,,,,,
"Heraklion 5MPC, Turkey-Greece",,,,,,,,,,,,,,
"Shanghai (Further Periphery) 5MPC, China",,,,,,,,,,,,,,
"Nice 5MPC, Italy-France",,,,,,,,,,,,,,
"Nankana Sahib 5MPC, Pakistan-India",,,,,,,,,,,,,,
"Bhagalpur 5MPC, India",,,,,,,,,,,,,,
"Moscow (Outer) 5MPC, Russia",,,,,,,,,,,,,,
"Danjiangkou 5MPC, China",,,,,,,,,,,,,,
"Chŏngjin 5MPC, China-North Korea-Russia",,,,,,,,,,,,,,
"San Jose 5MPC, USA",0.07986868150537839,,0.2086213650410945,0.19490274672269228,0.5964758882362133,,,,0.4699976559861884,0.23228990647750578,0.29771243753630566,,,
"Gumi-si 5MPC, South Korea",,,,,,,,,,,,,,
"Djibouti 5MPC, Ethiopia-Djibouti",,,,,,,,,,,,,,
"Regensburg 5MPC, Germany-Austria-Czech Republic",,,,,,,,,,,,,,
"Aktau 5MPC, Russia-Iran-Kazakhstan",,,,,,,,,,,,,,
"Cobán 5MPC, Guatemala",,,,,,,,,,,,,,
"Cairo (Periphery) 5MPC, Egypt",,,,,,,,,,,,,,
"Jinyun 5MPC, China",,,,,,,,,,,,,,
"Chennai (Outer) 5MPC, India",,,,,,,,,,,,,,
"Seeb 5MPC, Oman-Iran-Pakistan",,,,,,,,,,,,,,
"Clermont-Ferrand 5MPC, France",,,,,,,,,,,,,,
"Toluca 5MPC, Mexico",,,,,,,,,,,,,,
"Beirut 5MPC, Syria-Lebanon",,,,,,,,,,,,,,
"Karachi (Center South) 5MPC, Pakistan",,,,,,,,,,,,,,
"রামু Ramu (Center) 5MPC, Bangladesh",,,,,,,,,,,,,,
"Barisal 5MPC, Bangladesh",,,,,,,,,,,,,,
"Zhuji 5MPC, China",,,,,,,,,,,,,,
"Cairo (Further Periphery) 5MPC, Egypt",,,,,,,,,,,,,,
"Bangaon 5MPC, Bangladesh-India",,,,,,,,,,,,,,
"Zhuhai 5MPC, China",,,,,,,,,,,,,,
"Manikgonj 5MPC, Bangladesh",,,,,,,,,,,,,,
"Newcastle upon Tyne 5MPC, United Kingdom-France",,,,,,,,,,,,,,
"Shivpuri 5MPC, India",,,,,,,,,,,,,,
"Boston 5MPC, USA",0.09967903206559017,,0.2839913217030048,0.2419062131471902,0.474102465149805,,,,0.5453630255450446,0.26426246677527415,0.19037450767968128,,,
"Istanbul (Center East) 5MPC, Turkey",,,,,,,,,,,,,,
"Parakou 5MPC, Ghana-Benin",,,,,,,,,,,,,,
"Mudanjiang 5MPC, China",,,,,,,,,,,,,,
"Jakarta (Outer South) 5MPC, Indonesia",,,,,,,,,,,,,,
"Ankang 5MPC, China",,,,,,,,,,,,,,
"Lahore (Periphery) 5MPC, Pakistan",,,,,,,,,,,,,,
"Mumbai (Outer South) 5MPC, India",,,,,,,,,,,,,,
"Guangzhou (Outer Northwest) 5MPC, China",,,,,,,,,,,,,,
"Bayuquan 5MPC, China",,,,,,,,,,,,,,
"Putian 5MPC, China",,,,,,,,,,,,,,
"Tokyo (Outer Southwest) 5MPC, Japan",,,,,,,,,,,,,,
"Quezon City [Manila] (Center East) 5MPC, Philippines",,,,,,,,,,,,,,
"Rohtak 5MPC, India",,,,,,,,,,,,,,
"Haifa 5MPC, Israel-State of Palestine-Jordan",,,,,,,,,,,,,,
"Leiyang 5MPC, China",,,,,,,,,,,,,,
"Oslo 5MPC, Norway-Sweden-Denmark",,,,,,,,,,,,,,
"Kosti 5MPC, Sudan",,,,,,,,,,,,,,
"Korhogo 5MPC, Ivory Coast-Burkina Faso-Ghana",,,,,,,,,,,,,,
"Mirpur Khas 5MPC, Pakistan",,,,,,,,,,,,,,
"Gaya 5MPC, India",,,,,,,,,,,,,,
"New Taipei [Taipei] (Outer) 5MPC, China",,,,,,,,,,,,,,
"Siem Reap 5MPC, Cambodia-Thailand",,,,,,,,,,,,,,
"Bengkulu 5MPC, Indonesia",,,,,,,,,,,,,,
"Tambacounda 5MPC, Senegal-Mali-Mauritania",,,,,,,,,,,,,,
"Kuantan 5MPC, Malaysia",,,,,,,,,,,,,,
"Arusha 5MPC, Tanzania-Kenya",,,,,,,,,,,,,,
"Taikang 5MPC, China",,,,,,,,,,,,,,
"Amravati 5MPC, India",,,,,,,,,,,,,,
"Cancún 5MPC, Mexico-Colombia-Peru",,,,,,,,,,,,,,
"Serrekunda 5MPC, The Gambia-Senegal-Guinea-Bissau",,,,,,,,,,,,,,
"Dubai 5MPC, United Arab Emirates",,,,,,,,,,,,,,
"东营区 5MPC, China",,,,,,,,,,,,,,
"Chennai (Center) 5MPC, India",,,,,,,,,,,,,,
"Saint Petersburg 5MPC, Russia",,,,,,,,,,,,,,
"My Tho 5MPC, Vietnam",,,,,,,,,,,,,,
"Volgograd 5MPC, Russia",,,,,,,,,,,,,,
"Shanxian 5MPC, China",,,,,,,,,,,,,,
"Dehri 5MPC, India",,,,,,,,,,,,,,
"Cixi 5MPC, China",,,,,,,,,,,,,,
"Tripoli 5MPC, Libya-Tunisia-Malta",,,,,,,,,,,,,,
"Lucknow (Center) 5MPC, India",,,,,,,,,,,,,,
"Matamoros (Tamaulipas) 5MPC, Mexico",,,,,,,,,,,,,,
"Hasilpur 5MPC, Pakistan-India",,,,,,,,,,,,,,
"Baghdad (Outer) 5MPC, Iraq",,,,,,,,,,,,,,
"Kendari 5MPC, Indonesia",,,,,,,,,,,,,,
"Impfondo 5MPC, Central African Republic-Congo-Chad",,,,,,,,,,,,,,
"市中区 5MPC, China",,,,,,,,,,,,,,
"Duyun 5MPC, China",,,,,,,,,,,,,,
"Kolkata (Center North) 5MPC, India",,,,,,,,,,,,,,
"Port Said 5MPC, Egypt",,,,,,,,,,,,,,
"Hargeisa 5MPC, Ethiopia-Somalia",,,,,,,,,,,,,,
"Taichung 5MPC, China",,,,,,,,,,,,,,
"Agra 5MPC, India",,,,,,,,,,,,,,
"Liberec 5MPC, Poland-Czech Republic",,,,,,,,,,,,,,
"Burao 5MPC, Somalia-Yemen",,,,,,,,,,,,,,
"Robe (Southern Oromīya) 5MPC, Ethiopia",,,,,,,,,,,,,,
"Pretoria 5MPC, South Africa",,,,,,,,,,,,,,
"Ipoh 5MPC, Malaysia",,,,,,,,,,,,,,
"Jakarta (Periphery East-Southeast) 5MPC, Indonesia",,,,,,,,,,,,,,
"Gaibandha 5MPC, Bangladesh",,,,,,,,,,,,,,
"Montevideo 5MPC, Argentina-Uruguay",,,,,,,,,,,,,,
"Cherkasy 5MPC, Ukraine-Belarus-Poland",,,,,,,,,,,,,,
"Hyderabad (Outer) 5MPC, India",,,,,,,,,,,,,,
"Hpa-An 5MPC, Myanmar-Thailand",,,,,,,,,,,,,,
"Pensacola 5MPC, USA",0.17230044374178458,,0.48025082078811726,0.30106494915786236,0.21868423005402035,,,,0.7416832466954818,0.19364422104757342,0.06467253225694473,,,
"La Serena 5MPC, Chile-Argentina",,,,,,,,,,,,,,
"Nagpur 5MPC, India",,,,,,,,,,,,,,
"Pelotas 5MPC, Brazil",,,,,,,,,,,,,,
"Santo Domingo 5MPC, Dominican Republic",,,,,,,,,,,,,,
"Kaohsiung 5MPC, China",,,,,,,,,,,,,,
"Kumbakonam 5MPC, India",,,,,,,,,,,,,,
"Cairo (Center South) 5MPC, Egypt",,,,,,,,,,,,,,
"Chongqing (Outer) 5MPC, China",,,,,,,,,,,,,,
"Quezon City [Manila] (Outer) 5MPC, Philippines",,,,,,,,,,,,,,
"Delhi [New Delhi] (Center West) 5MPC, India",,,,,,,,,,,,,,
"Hassan 5MPC, India",,,,,,,,,,,,,,
"Ratnagiri 5MPC, India",,,,,,,,,,,,,,
"Hohhot 5MPC, China",,,,,,,,,,,,,,
"Comilla (Outer) 5MPC, Bangladesh-India",,,,,,,,,,,,,,
"Lima (Center) 5MPC, Peru",,,,,,,,,,,,,,
"Surat (Outer) 5MPC, India",,,,,,,,,,,,,,
"Sylhet 5MPC, Bangladesh",,,,,,,,,,,,,,
"Kolkata (Further Periphery) 5MPC, India",,,,,,,,,,,,,,
"Leeds 5MPC, United Kingdom",,,,,,,,,,,,,,
"Xi'an 5MPC, China",,,,,,,,,,,,,,
"Eldoret 5MPC, Kenya",,,,,,,,,,,,,,
"Homna 5MPC, Bangladesh-India",,,,,,,,,,,,,,
"Lixin 5MPC, China",,,,,,,,,,,,,,
"Zhongshan (Guangdong Sheng) 5MPC, China",,,,,,,,,,,,,,
"Santos 5MPC, Brazil",,,,,,,,,,,,,,
"Antananarivo 5MPC, Madagascar",,,,,,,,,,,,,,
"Kadapa 5MPC, India",,,,,,,,,,,,,,
"Kuala Lumpur (Outer) 5MPC, Malaysia",,,,,,,,,,,,,,
"Kochi 5MPC, India",,,,,,,,,,,,,,
"Colombo (Center) 5MPC, Sri Lanka",,,,,,,,,,,,,,
"Coimbatore 5MPC, India",,,,,,,,,,,,,,
"Wuhu (Northern Anhui Sheng) 5MPC, China",,,,,,,,,,,,,,
"London (Outer) 5MPC, United Kingdom",,,,,,,,,,,,,,
"Manjeshwar 5MPC, India-Sri Lanka",,,,,,,,,,,,,,
"Curitiba 5MPC, Brazil",,,,,,,,,,,,,,
"Belo Horizonte 5MPC, Brazil",,,,,,,,,,,,,,
"Ludhiana 5MPC, India",,,,,,,,,,,,,,
"Dublin 5MPC, Ireland-United Kingdom",,,,,,,,,,,,,,
"Padang (Outer) 5MPC, Indonesia-Malaysia",,,,,,,,,,,,,,
"Porto 5MPC, Portugal-Spain",,,,,,,,,,,,,,
"Moriyama [Otsu] 5MPC, Japan",,,,,,,,,,,,,,
"Shanghai (Periphery South) 5MPC, China",,,,,,,,,,,,,,
"Faisalabad 5MPC, Pakistan",,,,,,,,,,,,,,
"Port Elizabeth 5MPC, South Africa",,,,,,,,,,,,,,
"Fuzhou (Jiangxi Sheng) 5MPC, China",,,,,,,,,,,,,,
"Oujda 5MPC, Morocco-Spain-Algeria",,,,,,,,,,,,,,
"Jeddah 5MPC, Saudi Arabia",,,,,,,,,,,,,,
"Guadalajara 5MPC, Mexico",,,,,,,,,,,,,,
"Zhengzhou 5MPC, China",,,,,,,,,,,,,,
"Hefei 5MPC, China",,,,,,,,,,,,,,
"Kharkiv 5MPC, Ukraine-Russia",,,,,,,,,,,,,,
"Koblenz 5MPC, Germany",,,,,,,,,,,,,,
"Tashkent 5MPC, Uzbekistan",,,,,,,,,,,,,,
"Pratapgarh (Uttar Pradesh) 5MPC, India",,,,,,,,,,,,,,
"Achalpur 5MPC, India",,,,,,,,,,,,,,
"Nukus 5MPC, Uzbekistan-Turkmenistan",,,,,,,,,,,,,,
"Godhra 5MPC, India",,,,,,,,,,,,,,
"Suzhou (Anhui Sheng) 5MPC, China",,,,,,,,,,,,,,
"Bhiwadi 5MPC, India",,,,,,,,,,,,,,
"Lhasa 5MPC, India-China-Nepal",,,,,,,,,,,,,,
"Cape Town 5MPC, South Africa",,,,,,,,,,,,,,
"Xiamen 5MPC, China",,,,,,,,,,,,,,
"Shenyang 5MPC, China",,,,,,,,,,,,,,
"Brazzaville 5MPC, Democratic Republic of the Congo-Congo",,,,,,,,,,,,,,
"Shancheng 5MPC, China",,,,,,,,,,,,,,
"Sirsa 5MPC, India",,,,,,,,,,,,,,
"Jaunpur 5MPC, India",,,,,,,,,,,,,,
"São Paulo (Outer) 5MPC, Brazil",,,,,,,,,,,,,,
"Jaipur 5MPC, India",,,,,,,,,,,,,,
"Chattogram 5MPC, Bangladesh",,,,,,,,,,,,,,
"Udhampur 5MPC, India",,,,,,,,,,,,,,
"Surabaya (Center North) 5MPC, Indonesia",,,,,,,,,,,,,,
"Huizhou 5MPC, China",,,,,,,,,,,,,,
"Kabul 5MPC, Afghanistan",,,,,,,,,,,,,,
"Nanjing (Jiangsu Sheng) 5MPC, China",,,,,,,,,,,,,,
"Ho Chi Minh City (Periphery) 5MPC, Vietnam",,,,,,,,,,,,,,
"Yangon (Center) 5MPC, Myanmar",,,,,,,,,,,,,,
"Zhuzhou 5MPC, China",,,,,,,,,,,,,,
"Milan 5MPC, Italy",,,,,,,,,,,,,,
"Mosul 5MPC, Iraq",,,,,,,,,,,,,,
"Krasnoyarsk 5MPC, Russia",,,,,,,,,,,,,,
"Yaounde 5MPC, Cameroon",,,,,,,,,,,,,,
"Sydney 5MPC, Australia",,,,,,,,,,,,,,
"En Nahud 5MPC, Sudan-South Sudan",,,,,,,,,,,,,,
"Santa Cruz de la Sierra 5MPC, Bolivia",,,,,,,,,,,,,,
"Kebumen 5MPC, Indonesia",,,,,,,,,,,,,,
"Villavicencio 5MPC, Colombia",,,,,,,,,,,,,,
"Rome 5MPC, Italy",,,,,,,,,,,,,,
"Izmir 5MPC, Turkey",,,,,,,,,,,,,,
"Raipur 5MPC, India",,,,,,,,,,,,,,
"Oaxaca 5MPC, Mexico",,,,,,,,,,,,,,
"Nantong 5MPC, China",,,,,,,,,,,,,,
"Naples 5MPC, Italy",,,,,,,,,,,,,,
"Shuozhou 5MPC, China",,,,,,,,,,,,,,
"Harbin 5MPC, China",,,,,,,,,,,,,,
"Kotli 5MPC, Pakistan-India",,,,,,,,,,,,,,
"Vellore 5MPC, India",,,,,,,,,,,,,,
"Berlin 5MPC, Germany",,,,,,,,,,,,,,
"Medan 5MPC, Indonesia",,,,,,,,,,,,,,
"Minneapolis [Saint Paul] 5MPC, USA",0.08669015865094472,,0.2925583571321156,0.306910705151389,0.40053093771649545,,,,0.5873715120099552,0.28051702205151546,0.13211146593852932,,,
"El Alto [La Paz] 5MPC, Bolivia",,,,,,,,,,,,,,
"Mendi 5MPC, Papua New Guinea",,,,,,,,,,,,,,
"Bharatpur 5MPC, India",,,,,,,,,,,,,,
"Beijing (Further Periphery North) 5MPC, China",,,,,,,,,,,,,,
"Hamburg 5MPC, Germany",,,,,,,,,,,,,,
"Budapest 5MPC, Hungary-Slovakia",,,,,,,,,,,,,,
"Cabinda 5MPC, Democratic Republic of the Congo-Angola-Congo",,,,,,,,,,,,,,
"Melbourne 5MPC, Australia",,,,,,,,,,,,,,
"Kanpur 5MPC, India",,,,,,,,,,,,,,
"Tangshan 5MPC, China",,,,,,,,,,,,,,
"Butuan 5MPC, Philippines",,,,,,,,,,,,,,
"Hangzhou (West) 5MPC, China",,,,,,,,,,,,,,
"Kyiv 5MPC, Ukraine",,,,,,,,,,,,,,
"Xiangtan 5MPC, China",,,,,,,,,,,,,,
"Qinhuangdao 5MPC, China",,,,,,,,,,,,,,
"Langfang 5MPC, China",,,,,,,,,,,,,,
"Zhongmu 5MPC, China",,,,,,,,,,,,,,
"Tokyo (Center East) 5MPC, Japan",,,,,,,,,,,,,,
"Sanmenxia 5MPC, China",,,,,,,,,,,,,,
"Suzhou (Jiangsu Sheng) (Center South) 5MPC, China",,,,,,,,,,,,,,
"At Taif 5MPC, Saudi Arabia",,,,,,,,,,,,,,
"Hanoi (Center) 5MPC, Vietnam",,,,,,,,,,,,,,
"Huangshi 5MPC, China",,,,,,,,,,,,,,
"Abu Dhabi 5MPC, Saudi Arabia-Oman-United Arab Emirates",,,,,,,,,,,,,,
"Montreal 5MPC, Canada",,0.0647617666102899,,,,0.29918311111130286,0.34617154397477906,0.35464534491391814,,,,0.6125438875178978,0.296894391222097,0.0905617212600052
"Linz 5MPC, Austria-Czech Republic-Germany",,,,,,,,,,,,,,
"Begusarai 5MPC, India",,,,,,,,,,,,,,
"Sarajevo 5MPC, Russia-Norway-Bosnia and Herzegovina",,,,,,,,,,,,,,
"Paris (Center) 5MPC, France",,,,,,,,,,,,,,
"Mbeya 5MPC, Tanzania-Malawi",,,,,,,,,,,,,,
"Fez 5MPC, Morocco",,,,,,,,,,,,,,
"Raiganj 5MPC, India-Bangladesh",,,,,,,,,,,,,,
"Nha Trang 5MPC, Vietnam",,,,,,,,,,,,,,
"Yibin 5MPC, China",,,,,,,,,,,,,,
"La Ceiba 5MPC, Honduras-Nicaragua-Costa Rica",,,,,,,,,,,,,,
"Munich 5MPC, Germany",,,,,,,,,,,,,,
"Warsaw 5MPC, Poland",,,,,,,,,,,,,,
"Faizabad 5MPC, India",,,,,,,,,,,,,,
"Brussels 5MPC, Belgium",,,,,,,,,,,,,,
"Bucharest 5MPC, Romania",,,,,,,,,,,,,,
"Turin 5MPC, Italy",,,,,,,,,,,,,,
"Rotterdam [The Hague] (Center) 5MPC, Netherlands",,,,,,,,,,,,,,
"Paris (Outer) 5MPC, France",,,,,,,,,,,,,,
"Surat (Center) 5MPC, India",,,,,,,,,,,,,,
"Barranquilla 5MPC, Colombia",,,,,,,,,,,,,,
"Abidjan 5MPC, Ivory Coast",,,,,,,,,,,,,,
"Flores 5MPC, Mexico-Guatemala",,,,,,,,,,,,,,
"Ibadan 5MPC, Nigeria",,,,,,,,,,,,,,
"Sfax 5MPC, Tunisia",,,,,,,,,,,,,,
"Eindhoven 5MPC, Netherlands-Germany",,,,,,,,,,,,,,
"Luoyang 5MPC, China",,,,,,,,,,,,,,
"Shiraz (Outer) 5MPC, Iran",,,,,,,,,,,,,,
"Barcelona 5MPC, Spain",,,,,,,,,,,,,,
"Sialkot 5MPC, Pakistan-India",,,,,,,,,,,,,,
"Seoul (Center West) 5MPC, South Korea",,,,,,,,,,,,,,
"Thunder Bay 5MPC, USA",0.13387057194553395,,0.4351199866128521,0.32499663859051814,0.23988337479662977,,,,0.7187888096756244,0.2132701513456006,0.06794103897877504,,,
"General Santos 5MPC, Philippines",,,,,,,,,,,,,,
"Huangshan 5MPC, China",,,,,,,,,,,,,,
"Chitrakoot Dham 5MPC, India",,,,,,,,,,,,,,
"Taiyuan 5MPC, China",,,,,,,,,,,,,,
"Copenhagen 5MPC, Denmark-Sweden",,,,,,,,,,,,,,
"Suihua 5MPC, China",,,,,,,,,,,,,,
"Baramulla 5MPC, Pakistan-India",,,,,,,,,,,,,,
"Xinyang 5MPC, China",,,,,,,,,,,,,,
"Tinsukia 5MPC, India",,,,,,,,,,,,,,
"Hyderabad (Center) 5MPC, India",,,,,,,,,,,,,,
"Krishnanagar 5MPC, India",,,,,,,,,,,,,,
"Jhansi 5MPC, India",,,,,,,,,,,,,,
"Garissa 5MPC, Kenya",,,,,,,,,,,,,,
"Stuttgart 5MPC, Germany",,,,,,,,,,,,,,
"São Paulo (Center West) 5MPC, Brazil",,,,,,,,,,,,,,
"Harare 5MPC, Zimbabwe",,,,,,,,,,,,,,
"Dar es Salaam (Center) 5MPC, Tanzania",,,,,,,,,,,,,,
"Lafia 5MPC, Nigeria",,,,,,,,,,,,,,
"Osaka [Kyoto] (Outer) 5MPC, Japan",,,,,,,,,,,,,,
"Lanzhou 5MPC, China",,,,,,,,,,,,,,
"Makhachkala 5MPC, Russia",,,,,,,,,,,,,,
"Quanzhou (Fujian Sheng) 5MPC, China",,,,,,,,,,,,,,
"Agadir 5MPC, Morocco",,,,,,,,,,,,,,
"Kampala 5MPC, Uganda",,,,,,,,,,,,,,
"Mombasa 5MPC, Kenya-Tanzania",,,,,,,,,,,,,,
"Himatnagar 5MPC, India",,,,,,,,,,,,,,
"Veracruz 5MPC, Mexico",,,,,,,,,,,,,,
"Ahmedabad (Outer) 5MPC, India",,,,,,,,,,,,,,
"Campinas 5MPC, Brazil",,,,,,,,,,,,,,
"Denver 5MPC, USA",0.09029916776446306,,0.281949894996123,0.2992328269632551,0.41881727804062185,,,,0.5741072960495535,0.27120796253078855,0.15468474141965796,,,
"Hamhung 5MPC, North Korea",,,,,,,,,,,,,,
"Rouen 5MPC, France",,,,,,,,,,,,,,
"Khartoum 5MPC, Sudan",,,,,,,,,,,,,,
"Chengdu (Center) 5MPC, China",,,,,,,,,,,,,,
"Reims 5MPC, France",,,,,,,,,,,,,,
"Rawalpindi [Islamabad] 5MPC, Pakistan",,,,,,,,,,,,,,
"Changchun 5MPC, China",,,,,,,,,,,,,,
"Bujumbura (South) 5MPC, Burundi-Tanzania",,,,,,,,,,,,,,
"Thoothukudi 5MPC, India",,,,,,,,,,,,,,
"Fukuoka 5MPC, Japan",,,,,,,,,,,,,,
"Kumasi 5MPC, Ghana",,,,,,,,,,,,,,
"Salem 5MPC, India",,,,,,,,,,,,,,
"Port-au-Prince 5MPC, Haiti",,,,,,,,,,,,,,
"Lüliang 5MPC, China",,,,,,,,,,,,,,
"Yekaterinburg 5MPC, Russia",,,,,,,,,,,,,,
"João Pessoa 5MPC, Brazil",,,,,,,,,,,,,,
"Garoua 5MPC, Nigeria-Cameroon",,,,,,,,,,,,,,
"Zhumadian 5MPC, China",,,,,,,,,,,,,,
"Tabora 5MPC, Tanzania",,,,,,,,,,,,,,
"Madrid (Center) 5MPC, Spain",,,,,,,,,,,,,,
"Antalya 5MPC, Turkey",,,,,,,,,,,,,,
"Shangrao 5MPC, China",,,,,,,,,,,,,,
"Tessaoua 5MPC, Niger-Nigeria",,,,,,,,,,,,,,
"Masaka 5MPC, Uganda",,,,,,,,,,,,,,
"Dammam 5MPC, Saudi Arabia-Bahrain",,,,,,,,,,,,,,
"Polokwane 5MPC, South Africa",,,,,,,,,,,,,,
"Blantyre 5MPC, Malawi",,,,,,,,,,,,,,
"Vung Tau 5MPC, Cambodia-Vietnam",,,,,,,,,,,,,,
"Chicago (Center) 5MPC, USA",0.1194560282356498,,0.3336610043993692,0.2752641809653715,0.3910748146352593,,,,0.5846461644688189,0.2530181668006159,0.16233566873056524,,,
"Zagreb 5MPC, Slovenia-Croatia-Austria",,,,,,,,,,,,,,
"Charleston 5MPC, USA",0.1642337692966495,,0.459458811676382,0.30159064316105183,0.23895054516256625,,,,0.7218838912464252,0.20175447728180793,0.07636163147176693,,,
"Bahawalnagar 5MPC, Pakistan-India",,,,,,,,,,,,,,
"Osaka [Kyoto] (Center) 5MPC, Japan",,,,,,,,,,,,,,
"Bari 5MPC, Italy",,,,,,,,,,,,,,
"Palakkad 5MPC, India",,,,,,,,,,,,,,
"Dadu 5MPC, Pakistan",,,,,,,,,,,,,,
"Garut 5MPC, Indonesia",,,,,,,,,,,,,,
"Annaba 5MPC, Algeria",,,,,,,,,,,,,,
"São Paulo (Center East) 5MPC, Brazil",,,,,,,,,,,,,,
"Shijiazhuang 5MPC, China",,,,,,,,,,,,,,
"Lagos (Further Periphery) 5MPC, Nigeria-Benin",,,,,,,,,,,,,,
"Multan 5MPC, Pakistan",,,,,,,,,,,,,,
"Maracaibo 5MPC, Venezuela-Colombia",,,,,,,,,,,,,,
"Brest 5MPC, Poland-Belarus",,,,,,,,,,,,,,
"Chișinău 5MPC, Romania-Moldova",,,,,,,,,,,,,,
"Goiânia (Outer) 5MPC, Brazil",,,,,,,,,,,,,,
"Gdansk 5MPC, Poland",,,,,,,,,,,,,,
"Cologne 5MPC, Germany",,,,,,,,,,,,,,
"Barreiras 5MPC, Brazil",,,,,,,,,,,,,,
"Zhangjiajie 5MPC, China",,,,,,,,,,,,,,
"Ganzhou 5MPC, China",,,,,,,,,,,,,,
"Yueyang (Northern Hunan Sheng) 5MPC, China",,,,,,,,,,,,,,
"Ho Chi Minh City (Outer) 5MPC, Vietnam",,,,,,,,,,,,,,
"Nampula 5MPC, Mozambique",,,,,,,,,,,,,,
"Pilani 5MPC, India",,,,,,,,,,,,,,
"Neemuch 5MPC, India",,,,,,,,,,,,,,
"Jamalpur 5MPC, Bangladesh",,,,,,,,,,,,,,
"Rostov-on-Don 5MPC, Russia",,,,,,,,,,,,,,
"Nizhnevartovsk 5MPC, Russia-Kazakhstan",,,,,,,,,,,,,,
"Xining 5MPC, China",,,,,,,,,,,,,,
"Samsun 5MPC, Turkey",,,,,,,,,,,,,,
"Accra 5MPC, Ghana",,,,,,,,,,,,,,
"Dalian (Outer) 5MPC, China-North Korea",,,,,,,,,,,,,,
"Tacloban 5MPC, Philippines",,,,,,,,,,,,,,
"Bandar Lampung 5MPC, Indonesia",,,,,,,,,,,,,,
"Nawabshah 5MPC, Pakistan",,,,,,,,,,,,,,
"Ambo 5MPC, Ethiopia",,,,,,,,,,,,,,
"Quezon City [Manila] (Periphery) 5MPC, Philippines",,,,,,,,,,,,,,
"Casablanca 5MPC, Morocco",,,,,,,,,,,,,,
"Tehran (Center East) 5MPC, Iran",,,,,,,,,,,,,,
"Karur 5MPC, India",,,,,,,,,,,,,,
"Durban 5MPC, South Africa",,,,,,,,,,,,,,
"Niamey 5MPC, Niger",,,,,,,,,,,,,,
"Pescara 5MPC, Italy",,,,,,,,,,,,,,
"Yancheng 5MPC, China",,,,,,,,,,,,,,
"Birmingham 5MPC, United Kingdom",,,,,,,,,,,,,,
"Bhadrak 5MPC, India",,,,,,,,,,,,,,
"Thiruvananthapuram (East) 5MPC, India",,,,,,,,,,,,,,
"Blagoveshchensk 5MPC, China-Russia",,,,,,,,,,,,,,
"Tijuana 5MPC, USA-Mexico",,,,,,,,,,,,,,
"P'yŏngsŏng 5MPC, North Korea",,,,,,,,,,,,,,
"龙港市 5MPC, China",,,,,,,,,,,,,,
"Palembang 5MPC, Indonesia",,,,,,,,,,,,,,
"Luanda (Center) 5MPC, Angola",,,,,,,,,,,,,,
"Gaya 5MPC, Niger-Benin-Burkina Faso",,,,,,,,,,,,,,
"Vitebsk 5MPC, Ukraine-Belarus-Russia",,,,,,,,,,,,,,
"Ulipur 5MPC, Bangladesh",,,,,,,,,,,,,,
"Abbottabad 5MPC, Pakistan",,,,,,,,,,,,,,
"Irbid 5MPC, Jordan",,,,,,,,,,,,,,
"Cirebon 5MPC, Indonesia",,,,,,,,,,,,,,
"Ballari 5MPC, India",,,,,,,,,,,,,,
"Qism Auwal Faqus 5MPC, Egypt",,,,,,,,,,,,,,
"Algiers 5MPC, Algeria",,,,,,,,,,,,,,
"Wroclaw 5MPC, Poland",,,,,,,,,,,,,,
"Trujillo 5MPC, Peru",,,,,,,,,,,,,,
"Chandigarh 5MPC, India",,,,,,,,,,,,,,
"Buenos Aires (Center) 5MPC, Argentina",,,,,,,,,,,,,,
"Dushanbe 5MPC, Tajikistan-Uzbekistan",,,,,,,,,,,,,,
"Chongqing (Center) 5MPC, China",,,,,,,,,,,,,,
"Wanzhou 5MPC, China",,,,,,,,,,,,,,
"Bangkok (Outer) 5MPC, Thailand",,,,,,,,,,,,,,
"Banjarmasin 5MPC, Indonesia",,,,,,,,,,,,,,
"Athens 5MPC, Greece",,,,,,,,,,,,,,
"Pithoragarh 5MPC, India-Nepal",,,,,,,,,,,,,,
"Okene 5MPC, Nigeria",,,,,,,,,,,,,,
"Weifang 5MPC, China",,,,,,,,,,,,,,
"Viña del Mar [Valparaíso] 5MPC, Chile",,,,,,,,,,,,,,
"Dimapur 5MPC, India",,,,,,,,,,,,,,
"Mangochi 5MPC, Malawi-Mozambique",,,,,,,,,,,,,,
"Dortmund (Center) 5MPC, Germany",,,,,,,,,,,,,,
"Fortaleza 5MPC, Brazil",,,,,,,,,,,,,,
"Bogota (Center) 5MPC, Colombia",,,,,,,,,,,,,,
"Parachinar 5MPC, Pakistan-Afghanistan",,,,,,,,,,,,,,
"Kano 5MPC, Nigeria",,,,,,,,,,,,,,
"Lusaka 5MPC, Zambia",,,,,,,,,,,,,,
"New York (Outer) 5MPC, USA",0.1578178747262179,,0.38644144905402694,0.2680109435607107,0.3455476073852623,,,,0.6365636206056935,0.23625926221213517,0.12717711718217134,,,
"Nashville 5MPC, USA",0.13007775071413658,,0.40689933567959563,0.3102106775679085,0.28288998675249577,,,,0.6903958456017806,0.21478557262483472,0.09481858177338466,,,
"Yichang 5MPC, China",,,,,,,,,,,,,,
"Mardan 5MPC, Pakistan",,,,,,,,,,,,,,
"Jinan 5MPC, China",,,,,,,,,,,,,,
"Bhavnagar 5MPC, India",,,,,,,,,,,,,,
"Benghazi 5MPC, Libya-Italy",,,,,,,,,,,,,,
"Şanlıurfa 5MPC, Turkey",,,,,,,,,,,,,,
"Fuzhou (Fujian Sheng) 5MPC, China",,,,,,,,,,,,,,
"Gaoyou 5MPC, China",,,,,,,,,,,,,,
"Naga 5MPC, Philippines",,,,,,,,,,,,,,
"Nanpara 5MPC, India",,,,,,,,,,,,,,
"Auckland 5MPC, New Zealand",,,,,,,,,,,,,,
"Pingdingshan 5MPC, China",,,,,,,,,,,,,,
"Cangzhou 5MPC, China",,,,,,,,,,,,,,
"Quito 5MPC, Ecuador",,,,,,,,,,,,,,
"Phitsanulok 5MPC, Thailand",,,,,,,,,,,,,,
"Douala 5MPC, Cameroon",,,,,,,,,,,,,,
"Dhaka (Periphery South) 5MPC, Bangladesh",,,,,,,,,,,,,,
"Aligarh 5MPC, India",,,,,,,,,,,,,,
"Dortmund (Outer) 5MPC, Germany",,,,,,,,,,,,,,
"Ubon Ratchathani 5MPC, Thailand-Laos",,,,,,,,,,,,,,
"Dnipro 5MPC, Ukraine",,,,,,,,,,,,,,
"Brick 5MPC, USA-Canada",,,,,,,,,,,,,,
"Binzhou 5MPC, China",,,,,,,,,,,,,,
"Lubango 5MPC, Angola",,,,,,,,,,,,,,
"London (Center) 5MPC, United Kingdom",,,,,,,,,,,,,,
"Songyuan 5MPC, China",,,,,,,,,,,,,,
"Chuzhou 5MPC, China",,,,,,,,,,,,,,
"Leipzig 5MPC, Germany",,,,,,,,,,,,,,
"Najaf 5MPC, Iraq",,,,,,,,,,,,,,
"Nanchang (Northern Jiangxi Sheng) 5MPC, China",,,,,,,,,,,,,,
"Sirajganj 5MPC, Bangladesh",,,,,,,,,,,,,,
"Riga 5MPC, Finland-Latvia-Russia",,,,,,,,,,,,,,
"Banda Aceh 5MPC, Indonesia",,,,,,,,,,,,,,
"Udaipur (Rājasthān) 5MPC, India",,,,,,,,,,,,,,
"Tianjia‘an 5MPC, China",,,,,,,,,,,,,,
"Antsirabe 5MPC, Madagascar",,,,,,,,,,,,,,
"Dhulian 5MPC, India-Bangladesh",,,,,,,,,,,,,,
"Daloa 5MPC, Ivory Coast",,,,,,,,,,,,,,
"Chibi 5MPC, China",,,,,,,,,,,,,,
"Xai-Xai 5MPC, Mozambique-Zimbabwe-South Africa",,,,,,,,,,,,,,
"Gwangju 5MPC, South Korea",,,,,,,,,,,,,,
"Port Moresby 5MPC, Papua New Guinea-Indonesia",,,,,,,,,,,,,,
"Abuja (Abuja Federal Capital Territory) 5MPC, Nigeria",,,,,,,,,,,,,,
"Kinshasa (Center) 5MPC, Democratic Republic of the Congo",,,,,,,,,,,,,,
"Mashhad 5MPC, Iran",,,,,,,,,,,,,,
"Los Angeles (Center East) 5MPC, USA",0.1048292444999351,,0.26545324415694527,0.28077934332659105,0.4537674125164636,,,,0.628994092418494,0.2296253760455881,0.1413805315359179,,,
"Satna 5MPC, India",,,,,,,,,,,,,,
"Bandung 5MPC, Indonesia",,,,,,,,,,,,,,
"Bankura 5MPC, India",,,,,,,,,,,,,,
"Pingliang 5MPC, China",,,,,,,,,,,,,,
"Jinja 5MPC, Uganda",,,,,,,,,,,,,,
"Jember 5MPC, Indonesia",,,,,,,,,,,,,,
"Nagoya (Center) 5MPC, Japan",,,,,,,,,,,,,,
"Kuala Lumpur (Center) 5MPC, Malaysia",,,,,,,,,,,,,,
"Bhabua 5MPC, India",,,,,,,,,,,,,,
"Kansas City 5MPC, USA",0.10460952247097169,,0.355460408421332,0.31655346405534324,0.3279861275233247,,,,0.6345696457713141,0.2603691482957496,0.10506120593293644,,,
"Wenzhou 5MPC, China",,,,,,,,,,,,,,
"Pune (Center) 5MPC, India",,,,,,,,,,,,,,
"Bangkok (Further Periphery) 5MPC, Thailand",,,,,,,,,,,,,,
"Singapore (Outer) 5MPC, Malaysia-Indonesia-Singapore",,,,,,,,,,,,,,
"Rio de Janeiro (Outer) 5MPC, Brazil",,,,,,,,,,,,,,
"Kaliningrad 5MPC, Poland-Lithuania-Russia",,,,,,,,,,,,,,
"Mbuji-Mayi 5MPC, Democratic Republic of the Congo",,,,,,,,,,,,,,
"Angeles [San Fernando] 5MPC, Philippines",,,,,,,,,,,,,,
"Pematang Siantar 5MPC, Indonesia",,,,,,,,,,,,,,
"Ghaseet pura69 RB 5MPC, Pakistan",,,,,,,,,,,,,,
"Pathankot 5MPC, India-Pakistan",,,,,,,,,,,,,,
"Bamako 5MPC, Mali",,,,,,,,,,,,,,
"Nam Định 5MPC, Vietnam",,,,,,,,,,,,,,
"Nagoya (Outer) 5MPC, Japan",,,,,,,,,,,,,,
"Toulouse 5MPC, France",,,,,,,,,,,,,,
"New Taipei [Taipei] (Center) 5MPC, China",,,,,,,,,,,,,,
"Jampur 5MPC, Pakistan",,,,,,,,,,,,,,
"Rzeszów 5MPC, Poland-Slovakia",,,,,,,,,,,,,,
"Maroua 5MPC, Cameroon-Nigeria",,,,,,,,,,,,,,
"Xianning 5MPC, China",,,,,,,,,,,,,,
"Dapaong 5MPC, Burkina Faso-Ghana-Togo",,,,,,,,,,,,,,
"Halifax 5MPC, Canada-USA",,,,,,,,,,,,,,
"Visakhapatnam 5MPC, India",,,,,,,,,,,,,,
"Kindu 5MPC, Democratic Republic of the Congo-Uganda-Central African Republic",,,,,,,,,,,,,,
"Chiang Mai 5MPC, Thailand",,,,,,,,,,,,,,
"Fuyang (Anhui Sheng) 5MPC, China",,,,,,,,,,,,,,
"Ulaanbaatar 5MPC, Russia-Mongolia",,,,,,,,,,,,,,
"Tabriz 5MPC, Iran",,,,,,,,,,,,,,
"Homs 5MPC, Syria-Lebanon",,,,,,,,,,,,,,
"Katowice 5MPC, Poland",,,,,,,,,,,,,,
"Addis Ababa (Center) 5MPC, Ethiopia",,,,,,,,,,,,,,
"Chonburi 5MPC, Thailand-Cambodia",,,,,,,,,,,,,,
"Sihong 5MPC, China",,,,,,,,,,,,,,
"Yanji 5MPC, China",,,,,,,,,,,,,,
"Tai'an 5MPC, China",,,,,,,,,,,,,,
"Jacobabad 5MPC, Pakistan",,,,,,,,,,,,,,
"Kermanshah 5MPC, Iran",,,,,,,,,,,,,,
"Amman 5MPC, Jordan",,,,,,,,,,,,,,
"Fancheng 5MPC, China",,,,,,,,,,,,,,
"Stockholm 5MPC, Sweden",,,,,,,,,,,,,,
"Donetsk 5MPC, Ukraine",,,,,,,,,,,,,,
"Daejeon 5MPC, South Korea",,,,,,,,,,,,,,
"Dera Ismail Khan 5MPC, Pakistan",,,,,,,,,,,,,,
"Allentown 5MPC, USA",0.0884267869076895,,0.2841166395271826,0.27455595781360315,0.44132740265921433,,,,0.57838974315297,0.25574000729288665,0.16587024955414342,,,
"Grand Rapids 5MPC, USA",0.12350051449620135,,0.39918034769249927,0.33039305440809297,0.27042659789940765,,,,0.6947429552673683,0.22918286169514362,0.07607418303748807,,,
"Nairobi (Outer) 5MPC, Kenya",,,,,,,,,,,,,,
"Peshawar 5MPC, Pakistan",,,,,,,,,,,,,,
"Farrukhabad 5MPC, India",,,,,,,,,,,,,,
"Almaty 5MPC, Kazakhstan-Kyrgyzstan",,,,,,,,,,,,,,
"Dezhou 5MPC, China",,,,,,,,,,,,,,
"Gong'an 5MPC, China",,,,,,,,,,,,,,
"Kisumu 5MPC, Kenya",,,,,,,,,,,,,,
"Vienna 5MPC, Austria-Czech Republic-Slovakia",,,,,,,,,,,,,,
"Mexico City (Center South) 5MPC, Mexico",,,,,,,,,,,,,,
"Wuhan (Center) 5MPC, China",,,,,,,,,,,,,,
"Semey 5MPC, China-Kazakhstan-Russia",,,,,,,,,,,,,,
"Kannur 5MPC, India",,,,,,,,,,,,,,
"Samarkand 5MPC, Uzbekistan",,,,,,,,,,,,,,
"Singapore (Center) 5MPC, Singapore",,,,,,,,,,,,,,
"Palermo 5MPC, Italy",,,,,,,,,,,,,,
"Yogyakarta (West) 5MPC, Indonesia",,,,,,,,,,,,,,
"Shanghai (Periphery East) 5MPC, China",,,,,,,,,,,,,,
"Linfen 5MPC, China",,,,,,,,,,,,,,
"Quezon City [Manila] (Center South) 5MPC, Philippines",,,,,,,,,,,,,,
"Liaocheng 5MPC, China",,,,,,,,,,,,,,
"Sitamarhi 5MPC, India",,,,,,,,,,,,,,
"Guwahati (Outer) 5MPC, India",,,,,,,,,,,,,,
"Moscow (Center South) 5MPC, Russia",,,,,,,,,,,,,,
"Chirala 5MPC, India",,,,,,,,,,,,,,
"Bogota (Outer) 5MPC, Colombia",,,,,,,,,,,,,,
"Dagupan 5MPC, Philippines",,,,,,,,,,,,,,
"Jakarta (Center South-Southwest) 5MPC, Indonesia",,,,,,,,,,,,,,
"Madrid (Outer) 5MPC, Spain",,,,,,,,,,,,,,
"Medellín 5MPC, Colombia",,,,,,,,,,,,,,
"肥城市 5MPC, China",,,,,,,,,,,,,,
"Indianapolis 5MPC, USA",0.12172982829288047,,0.38815997322670764,0.3183174548357002,0.29352257193759224,,,,0.6693520005332254,0.2358467955828146,0.09480120388395996,,,
"Silchar 5MPC, India-Bangladesh",,,,,,,,,,,,,,
"São Paulo (Center South) 5MPC, Brazil",,,,,,,,,,,,,,
"London (Periphery) 5MPC, United Kingdom",,,,,,,,,,,,,,
"Bhola 5MPC, Bangladesh",,,,,,,,,,,,,,
"Deoghar 5MPC, India",,,,,,,,,,,,,,
"Philadelphia 5MPC, USA",0.12991104325426334,,0.34491905824770935,0.2738198076648312,0.38126113408745943,,,,0.598956588202796,0.2540312466246386,0.14701216517256538,,,
"Juazeiro do Norte 5MPC, Brazil",,,,,,,,,,,,,,
"Dazhou 5MPC, China",,,,,,,,,,,,,,
"Dire Dawa 5MPC, Ethiopia",,,,,,,,,,,,,,
"Srinagar (Jammu and Kashmīr) 5MPC, India",,,,,,,,,,,,,,
"Lille 5MPC, France-Belgium",,,,,,,,,,,,,,
"Hengshui 5MPC, China",,,,,,,,,,,,,,
"Baghdad (Center) 5MPC, Iraq",,,,,,,,,,,,,,
"Fresno 5MPC, USA",0.12764597388516802,,0.32578203820486845,0.28706792569894407,0.38715003609618753,,,,0.637354950058445,0.22228437894695413,0.14036067099460092,,,
"Tegal 5MPC, Indonesia",,,,,,,,,,,,,,
"Sendhwa 5MPC, India",,,,,,,,,,,,,,
"Alaba Kulito 5MPC, Ethiopia",,,,,,,,,,,,,,
"Bergamo 5MPC, Italy",,,,,,,,,,,,,,
"Potiskum 5MPC, Nigeria",,,,,,,,,,,,,,
"Tirana 5MPC, Albania-Serbia-North Macedonia",,,,,,,,,,,,,,
"Nsukka 5MPC, Nigeria",,,,,,,,,,,,,,
"Berhampore 5MPC, India-Bangladesh",,,,,,,,,,,,,,
"Okayama 5MPC, Japan",,,,,,,,,,,,,,
"Jiujiang 5MPC, China",,,,,,,,,,,,,,
"Kaduna 5MPC, Nigeria",,,,,,,,,,,,,,
"Phnom Penh 5MPC, Cambodia-Vietnam",,,,,,,,,,,,,,
"Gujranwala 5MPC, Pakistan",,,,,,,,,,,,,,
"Suizhou 5MPC, China",,,,,,,,,,,,,,
"Kota Kinabalu 5MPC, Malaysia-Indonesia",,,,,,,,,,,,,,
"Taloqan 5MPC, Afghanistan-Tajikistan",,,,,,,,,,,,,,
"Lahore (Center) 5MPC, Pakistan",,,,,,,,,,,,,,
"Cebu City 5MPC, Philippines",,,,,,,,,,,,,,
"Toronto (Outer) 5MPC, Canada-USA",,,,,,,,,,,,,,
"Yangon (Outer) 5MPC, Myanmar",,,,,,,,,,,,,,
"Manaus 5MPC, Brazil",,,,,,,,,,,,,,
"Ulanqab 5MPC, China",,,,,,,,,,,,,,
"Guangzhou (Outer Northeast) 5MPC, China",,,,,,,,,,,,,,
"Tiruchirappalli 5MPC, India",,,,,,,,,,,,,,
"Lahore (Outer) 5MPC, Pakistan",,,,,,,,,,,,,,
"Takasaki [Maebashi] 5MPC, Japan",,,,,,,,,,,,,,
"Hanover 5MPC, Germany",,,,,,,,,,,,,,
"Bursa 5MPC, Turkey",,,,,,,,,,,,,,
"Manchester 5MPC, United Kingdom",,,,,,,,,,,,,,
"Istanbul (Outer) 5MPC, Turkey",,,,,,,,,,,,,,
"Mysuru 5MPC, India",,,,,,,,,,,,,,
"Riyadh (Center) 5MPC, Saudi Arabia",,,,,,,,,,,,,,
"Macheng 5MPC, China",,,,,,,,,,,,,,
"Isfahan 5MPC, Iran",,,,,,,,,,,,,,
"Changsha 5MPC, China",,,,,,,,,,,,,,
"Tianjin (Center) 5MPC, China",,,,,,,,,,,,,,
"Caoxian 5MPC, China",,,,,,,,,,,,,,
"Yinchuan 5MPC, China",,,,,,,,,,,,,,
"Ta'izz 5MPC, Yemen",,,,,,,,,,,,,,
"Huangdao 5MPC, China",,,,,,,,,,,,,,
"Makurdi 5MPC, Nigeria",,,,,,,,,,,,,,
"Dar es Salaam (Outer) 5MPC, Tanzania",,,,,,,,,,,,,,
"Jaynagar 5MPC, India",,,,,,,,,,,,,,
"Onitsha 5MPC, Nigeria",,,,,,,,,,,,,,
"Baltimore 5MPC, USA",0.1049927605310619,,0.3254303293008113,0.30483698870534964,0.3697326819938392,,,,0.6091429357349442,0.26575055010947096,0.12510651415558485,,,
"Szczecin 5MPC, Germany-Poland",,,,,,,,,,,,,,
"Tokyo (Center South) 5MPC, Japan",,,,,,,,,,,,,,
"Ramadi 5MPC, Iraq-Iran",,,,,,,,,,,,,,
"Lilongwe 5MPC, Malawi",,,,,,,,,,,,,,
"Manjeri 5MPC, India",,,,,,,,,,,,,,
"Detroit 5MPC, USA",0.1395499219654844,,0.38643951401778354,0.2912978194471252,0.32226266653509134,,,,0.6459339746278913,0.235205277132907,0.11886074823920177,,,
"London 5MPC, USA-Canada",,,,,,,,,,,,,,
"Yangquan 5MPC, China",,,,,,,,,,,,,,
"San Salvador 5MPC, El Salvador",,,,,,,,,,,,,,
"Frankfurt am Main 5MPC, Germany",,,,,,,,,,,,,,
"Varanasi 5MPC, India",,,,,,,,,,,,,,
"Hiroshima 5MPC, Japan",,,,,,,,,,,,,,
"Nyala 5MPC, Sudan",,,,,,,,,,,,,,
"Managua 5MPC, Nicaragua",,,,,,,,,,,,,,
"Nairobi (Center) 5MPC, Kenya",,,,,,,,,,,,,,
"Surabaya (Outer) 5MPC, Indonesia",,,,,,,,,,,,,,
"Ambala 5MPC, India",,,,,,,,,,,,,,
"Rạch Giá 5MPC, Vietnam",,,,,,,,,,,,,,
"Tolagnaro 5MPC, Madagascar",,,,,,,,,,,,,,
"Lạng Sơn 5MPC, Vietnam",,,,,,,,,,,,,,
"Musoma 5MPC, Tanzania",,,,,,,,,,,,,,
"Tunis 5MPC, Tunisia",,,,,,,,,,,,,,
"Lianyungang 5MPC, China",,,,,,,,,,,,,,
"Jiaxing 5MPC, China",,,,,,,,,,,,,,
"Sorong 5MPC, Indonesia-Philippines",,,,,,,,,,,,,,
"Shahganj 5MPC, India",,,,,,,,,,,,,,
"Tulsipur 5MPC, Nepal",,,,,,,,,,,,,,
"Tete 5MPC, Mozambique-Zambia-Malawi",,,,,,,,,,,,,,
"Tianshan 5MPC, China",,,,,,,,,,,,,,
"Zinder 5MPC, Niger-Nigeria",,,,,,,,,,,,,,
"Belgrade 5MPC, Serbia-Bosnia and Herzegovina",,,,,,,,,,,,,,
"Jincheng (Shanxi Sheng) 5MPC, China",,,,,,,,,,,,,,
"Adama 5MPC, Ethiopia",,,,,,,,,,,,,,
"Shanwei 5MPC, China",,,,,,,,,,,,,,
"Tlemcen 5MPC, Morocco-Algeria",,,,,,,,,,,,,,
"Bharuch 5MPC, India",,,,,,,,,,,,,,
"Marrakesh 5MPC, Morocco",,,,,,,,,,,,,,
"Luanda (Outer) 5MPC, Angola",,,,,,,,,,,,,,
"Washington D.C. 5MPC, USA",0.0832371332892524,,0.20836665604016924,0.24230838122703569,0.5493249627327951,,,,0.4700836332088409,0.2642579550942787,0.2656584116968805,,,
"Aleppo 5MPC, Syria-Turkey",,,,,,,,,,,,,,
"Seoul (Periphery) 5MPC, South Korea",,,,,,,,,,,,,,
"Bamenda 5MPC, Cameroon",,,,,,,,,,,,,,
"Puebla 5MPC, Mexico",,,,,,,,,,,,,,
"Hsinchu 5MPC, China",,,,,,,,,,,,,,
"Faiyum 5MPC, Egypt",,,,,,,,,,,,,,
"Guangzhou (Center East-Southeast) 5MPC, China",,,,,,,,,,,,,,
"Baguio 5MPC, Philippines",,,,,,,,,,,,,,
"Pingdu 5MPC, China",,,,,,,,,,,,,,
"Zurich 5MPC, Switzerland-Germany",,,,,,,,,,,,,,
"Enshi 5MPC, China",,,,,,,,,,,,,,
"Kolhapur 5MPC, India",,,,,,,,,,,,,,
"León 5MPC, Mexico",,,,,,,,,,,,,,
"Evaton 5MPC, South Africa",,,,,,,,,,,,,,
"Kaili 5MPC, China",,,,,,,,,,,,,,
"New York (Periphery East) 5MPC, USA",0.0841807815990074,,0.26646542238117443,0.24937623926656477,0.4841583383522607,,,,0.5515503882791802,0.2610690475333659,0.18738056418745386,,,
"Mexico City (Center North) 5MPC, Mexico",,,,,,,,,,,,,,
"Haldwani 5MPC, India",,,,,,,,,,,,,,
"Qingdao 5MPC, China",,,,,,,,,,,,,,
"Cenxi 5MPC, China",,,,,,,,,,,,,,
"Johannesburg 5MPC, South Africa",,,,,,,,,,,,,,
"Beijing (Further Periphery South) 5MPC, China",,,,,,,,,,,,,,
"Zunyi 5MPC, China",,,,,,,,,,,,,,
"New York (Periphery West) 5MPC, USA",0.08618938414247655,,0.25079099201459093,0.23775692687673805,0.5114520811086711,,,,0.5388194412503158,0.2536181741514682,0.20756238459821605,,,
"Chandrapur (Mahārāshtra) 5MPC, India",,,,,,,,,,,,,,
"Muzaffarpur 5MPC, India",,,,,,,,,,,,,,
"Hangyulu 5MPC, China",,,,,,,,,,,,,,
"Dodoma 5MPC, Tanzania",,,,,,,,,,,,,,
"Louxing 5MPC, China",,,,,,,,,,,,,,
"Kunming 5MPC, China",,,,,,,,,,,,,,
"Can Tho 5MPC, Vietnam",,,,,,,,,,,,,,
"St. Louis 5MPC, USA",0.12452477180712565,,0.3984554860573948,0.30957078968009466,0.29197372426251056,,,,0.6627755397443474,0.2405832326979107,0.0966412275577418,,,
"Yichun 5MPC, China",,,,,,,,,,,,,,
"Kasur 5MPC, Pakistan",,,,,,,,,,,,,,
"Ankara 5MPC, Turkey",,,,,,,,,,,,,,
"Cordoba 5MPC, Argentina",,,,,,,,,,,,,,
"Tongliao 5MPC, China",,,,,,,,,,,,,,
"Bukavu 5MPC, Democratic Republic of the Congo-Rwanda",,,,,,,,,,,,,,
"Kalemie 5MPC, Tanzania-Democratic Republic of the Congo",,,,,,,,,,,,,,
"Quelimane 5MPC, Mozambique-Malawi",,,,,,,,,,,,,,
"Ho Chi Minh City (Center) 5MPC, Vietnam",,,,,,,,,,,,,,
"Nanded-Waghala 5MPC, India",,,,,,,,,,,,,,
"Azamgarh 5MPC, India",,,,,,,,,,,,,,
"Ashgabat 5MPC, Iran-Turkmenistan",,,,,,,,,,,,,,
"Bologna 5MPC, Italy",,,,,,,,,,,,,,
"Nizamabad 5MPC, India",,,,,,,,,,,,,,
"Ufa 5MPC, Russia",,,,,,,,,,,,,,
"Oklahoma City 5MPC, USA",0.14523101947117864,,0.4277908784271517,0.3172225471238319,0.25498657444901646,,,,0.6987358436040468,0.21892458602494846,0.08233957037100466,,,
"Kirundo 5MPC, Rwanda-Burundi",,,,,,,,,,,,,,
"Singaraja (Bali) 5MPC, Indonesia",,,,,,,,,,,,,,
"Al-Qadarif 5MPC, Sudan-Ethiopia",,,,,,,,,,,,,,
"Bhubaneshwar 5MPC, India",,,,,,,,,,,,,,
"Daegu 5MPC, South Korea",,,,,,,,,,,,,,
"Jakarta (Outer West-Northwest) 5MPC, Indonesia",,,,,,,,,,,,,,
"Darbhanga 5MPC, India",,,,,,,,,,,,,,
"Rio de Janeiro (Center) 5MPC, Brazil",,,,,,,,,,,,,,
"Maceió 5MPC, Brazil",,,,,,,,,,,,,,
"Porto Alegre 5MPC, Brazil",,,,,,,,,,,,,,
"Linqu 5MPC, China",,,,,,,,,,,,,,
"Delhi [New Delhi] (Center Northeast) 5MPC, India",,,,,,,,,,,,,,
"Leshan 5MPC, China",,,,,,,,,,,,,,
"Taizhou (Zhejiang Sheng) 5MPC, China",,,,,,,,,,,,,,
"Ranchi 5MPC, India",,,,,,,,,,,,,,
"Mzuzu 5MPC, Malawi-Zambia",,,,,,,,,,,,,,
"Van 5MPC, Turkey-Syria",,,,,,,,,,,,,,
"Monrovia 5MPC, Liberia-Sierra Leone",,,,,,,,,,,,,,
"Suzhou (Jiangsu Sheng) (Outer) 5MPC, China",,,,,,,,,,,,,,
"Kupang 5MPC, Indonesia-East Timor",,,,,,,,,,,,,,
"Yangjiang 5MPC, China",,,,,,,,,,,,,,
"Minsk 5MPC, Belarus-Lithuania",,,,,,,,,,,,,,
"Yongchuan 5MPC, China",,,,,,,,,,,,,,
"Pekanbaru 5MPC, Indonesia-Malaysia",,,,,,,,,,,,,,
"Dessie 5MPC, Ethiopia",,,,,,,,,,,,,,
"Nashik 5MPC, India",,,,,,,,,,,,,,
"Panipat 5MPC, India",,,,,,,,,,,,,,
"Arsi Negelle 5MPC, Ethiopia",,,,,,,,,,,,,,
"Ürümqi 5MPC, China",,,,,,,,,,,,,,
"Zhoukou 5MPC, China",,,,,,,,,,,,,,
"Lisbon 5MPC, Portugal",,,,,,,,,,,,,,
"Rajshahi 5MPC, Bangladesh",,,,,,,,,,,,,,
"Ningdu 5MPC, China",,,,,,,,,,,,,,
"Jakarta (Center West-Northwest) 5MPC, Indonesia",,,,,,,,,,,,,,
"Gumla 5MPC, India",,,,,,,,,,,,,,
"Homel 5MPC, Belarus-Russia-Ukraine",,,,,,,,,,,,,,
"Tokyo (Center West) 5MPC, Japan",,,,,,,,,,,,,,
"Bristol 5MPC, United Kingdom",,,,,,,,,,,,,,
"Lira 5MPC, Uganda",,,,,,,,,,,,,,
"Leping (Jiangxi Sheng) 5MPC, China",,,,,,,,,,,,,,
"Chhapra 5MPC, India",,,,,,,,,,,,,,
"Jakarta (Center East) 5MPC, Indonesia",,,,,,,,,,,,,,
"Bangui 5MPC, Democratic Republic of the Congo-Central African Republic",,,,,,,,,,,,,,
"Al-Minya 5MPC, Egypt",,,,,,,,,,,,,,
"Kandy 5MPC, Sri Lanka",,,,,,,,,,,,,,
"Timika 5MPC, Indonesia",,,,,,,,,,,,,,
"Hinthada 5MPC, Myanmar",,,,,,,,,,,,,,
"Osizweni 5MPC, South Africa-Eswatini",,,,,,,,,,,,,,
"Haikou 5MPC, China",,,,,,,,,,,,,,
"Yantai 5MPC, China",,,,,,,,,,,,,,
"Mansoura 5MPC, Egypt",,,,,,,,,,,,,,
"Hawassa 5MPC, Ethiopia",,,,,,,,,,,,,,
"Oran 5MPC, Algeria",,,,,,,,,,,,,,
"Ottawa 5MPC, Canada-USA",,,,,,,,,,,,,,
"Lagos (Outer) 5MPC, Nigeria",,,,,,,,,,,,,,
"Mexicali 5MPC, Mexico-USA",,,,,,,,,,,,,,
"Sohag 5MPC, Egypt",,,,,,,,,,,,,,
"Kashgar 5MPC, China",,,,,,,,,,,,,,
"Tasikmalaya 5MPC, Indonesia",,,,,,,,,,,,,,
"Gorontalo 5MPC, Indonesia",,,,,,,,,,,,,,
"Daet 5MPC, Philippines",,,,,,,,,,,,,,
"Ya'an 5MPC, China",,,,,,,,,,,,,,
"Torit 5MPC, South Sudan-Uganda",,,,,,,,,,,,,,
"Pereira 5MPC, Colombia",,,,,,,,,,,,,,
"Meiktila 5MPC, Myanmar",,,,,,,,,,,,,,
"Tampa 5MPC, USA",0.11530048325329188,,0.39828179780307343,0.31456774039353885,0.2871504618033877,,,,0.6868239210359826,0.2142077252038759,0.09896835376014157,,,
"Madiun 5MPC, Indonesia",,,,,,,,,,,,,,
"Rishikesh 5MPC, India",,,,,,,,,,,,,,
"Rahimyar Khan 5MPC, Pakistan",,,,,,,,,,,,,,
"Bardhaman 5MPC, India",,,,,,,,,,,,,,
"Lomé 5MPC, Togo-Benin",,,,,,,,,,,,,,
"Sendai 5MPC, Japan",,,,,,,,,,,,,,
"Bandipora 5MPC, Pakistan-Afghanistan-India",,,,,,,,,,,,,,
"Qidong (Jiangsu Sheng) 5MPC, China",,,,,,,,,,,,,,
"Gaziantep 5MPC, Turkey",,,,,,,,,,,,,,
"Haiphong 5MPC, Vietnam",,,,,,,,,,,,,,
"Rourkela 5MPC, India",,,,,,,,,,,,,,
"Ouagadougou 5MPC, Burkina Faso",,,,,,,,,,,,,,
"Kota 5MPC, India",,,,,,,,,,,,,,
"Qingyuan (Guangdong Sheng) 5MPC, China",,,,,,,,,,,,,,
"Samana 5MPC, India",,,,,,,,,,,,,,
"Jombang 5MPC, Indonesia",,,,,,,,,,,,,,
"Bobo-Dioulasso 5MPC, Burkina Faso-Mali",,,,,,,,,,,,,,
"Katsina 5MPC, Nigeria-Niger",,,,,,,,,,,,,,
"Basti 5MPC, India",,,,,,,,,,,,,,
"Jamshedpur (Outer) 5MPC, India",,,,,,,,,,,,,,
"Taraz 5MPC, Kyrgyzstan-Kazakhstan",,,,,,,,,,,,,,
"Bahawalpur 5MPC, Pakistan",,,,,,,,,,,,,,
"Rajkot 5MPC, India",,,,,,,,,,,,,,
"Busan 5MPC, South Korea",,,,,,,,,,,,,,
"Dibrugarh 5MPC, India",,,,,,,,,,,,,,
"Birnin Kebbi 5MPC, Nigeria",,,,,,,,,,,,,,
"Samastipur 5MPC, India-Nepal",,,,,,,,,,,,,,
"Bengaluru (Center) 5MPC, India",,,,,,,,,,,,,,
"Miami (Center) 5MPC, USA",0.1364151025100723,,0.4152584730493756,0.291315412677113,0.29342611427351145,,,,0.6987230995488118,0.1971458877456484,0.10413101270553977,,,
"Vijayawada 5MPC, India",,,,,,,,,,,,,,
"Beed 5MPC, India",,,,,,,,,,,,,,
"Kokand 5MPC, Uzbekistan-Tajikistan",,,,,,,,,,,,,,
"Tamluk 5MPC, India",,,,,,,,,,,,,,
"Jining 5MPC, China",,,,,,,,,,,,,,
"Sultanpur 5MPC, India",,,,,,,,,,,,,,
"Mek'elē 5MPC, Ethiopia",,,,,,,,,,,,,,
"Bacolod 5MPC, Philippines",,,,,,,,,,,,,,
"Mandalay 5MPC, Myanmar",,,,,,,,,,,,,,
"Linyi (Southern Shandong Sheng) 5MPC, China",,,,,,,,,,,,,,
"Zhenjiang 5MPC, China",,,,,,,,,,,,,,
"Makassar 5MPC, Indonesia",,,,,,,,,,,,,,
"Lucknow (Outer) 5MPC, India",,,,,,,,,,,,,,
"Amaigbo (Center) 5MPC, Nigeria",,,,,,,,,,,,,,
"Quezon City [Manila] (Center Northwest) 5MPC, Philippines",,,,,,,,,,,,,,
"Florence 5MPC, Italy",,,,,,,,,,,,,,
"Ningbo 5MPC, China",,,,,,,,,,,,,,
"Rio Branco 5MPC, Peru-Bolivia-Brazil",,,,,,,,,,,,,,
"Bhilwara 5MPC, India",,,,,,,,,,,,,,
"Yulin (Guangxi Zhuangzu Zizhiqu) 5MPC, China",,,,,,,,,,,,,,
"Qom 5MPC, Iran",,,,,,,,,,,,,,
"Orai 5MPC, India",,,,,,,,,,,,,,
"Rio de Janeiro (Periphery) 5MPC, Brazil",,,,,,,,,,,,,,
"Pachuca 5MPC, Mexico",,,,,,,,,,,,,,
"Surabaya (Center South) 5MPC, Indonesia",,,,,,,,,,,,,,
"Jalna 5MPC, India",,,,,,,,,,,,,,
"Malakal 5MPC, Sudan-Ethiopia-South Sudan",,,,,,,,,,,,,,
"Dhaka (Further Periphery) 5MPC, Bangladesh-India",,,,,,,,,,,,,,
"Moscow (Periphery) 5MPC, Russia",,,,,,,,,,,,,,
"Dera Ghazi Khan 5MPC, Pakistan",,,,,,,,,,,,,,
"Qujing 5MPC, China",,,,,,,,,,,,,,
"Fushun (Liaoning Sheng) 5MPC, China",,,,,,,,,,,,,,
"Bahir Dar 5MPC, Ethiopia",,,,,,,,,,,,,,
"Bangkok (Center) 5MPC, Thailand",,,,,,,,,,,,,,
"Dingzhou 5MPC, China",,,,,,,,,,,,,,
"Wenshan 5MPC, China-Vietnam",,,,,,,,,,,,,,
"Santiago de los Caballeros 5MPC, Dominican Republic-Haiti",,,,,,,,,,,,,,
"Alexandria (Center) 5MPC, Egypt",,,,,,,,,,,,,,
"Luxor 5MPC, Egypt",,,,,,,,,,,,,,
"Jhumri Tilaiya 5MPC, India",,,,,,,,,,,,,,
"Kathmandu 5MPC, Nepal",,,,,,,,,,,,,,
"Winnipeg 5MPC, USA-Canada",,,,,,,,,,,,,,
"Sokoto 5MPC, Nigeria-Niger",,,,,,,,,,,,,,
"Chenzhou 5MPC, China",,,,,,,,,,,,,,
"Myitkyina 5MPC, Myanmar-China",,,,,,,,,,,,,,
"Meerut 5MPC, India",,,,,,,,,,,,,,
"Agartala 5MPC, Bangladesh-India",,,,,,,,,,,,,,
"Girga 5MPC, Egypt",,,,,,,,,,,,,,
"Tokyo (Center Northeast) 5MPC, Japan",,,,,,,,,,,,,,
"Nanyang 5MPC, China",,,,,,,,,,,,,,
"Tanta 5MPC, Egypt",,,,,,,,,,,,,,
"Mahesana 5MPC, India",,,,,,,,,,,,,,
"Mestre 5MPC, Italy-Austria",,,,,,,,,,,,,,
"射洪县 5MPC, China",,,,,,,,,,,,,,
"Ruijin 5MPC, China",,,,,,,,,,,,,,
"Sulaymaniyah 5MPC, Iraq-Iran",,,,,,,,,,,,,,
"Tel Aviv 5MPC, Israel-State of Palestine",,,,,,,,,,,,,,
"Jieyang (Center West) 5MPC, China",,,,,,,,,,,,,,
"Seoul (Outer) 5MPC, South Korea",,,,,,,,,,,,,,
"Barrie 5MPC, USA-Canada",,,,,,,,,,,,,,
"Weinan 5MPC, China",,,,,,,,,,,,,,
"Al Ismailiya 5MPC, Egypt",,,,,,,,,,,,,,
"Sofia 5MPC, Bulgaria-Greece",,,,,,,,,,,,,,
"Nantes 5MPC, France",,,,,,,,,,,,,,
"Ribeirao Preto 5MPC, Brazil",,,,,,,,,,,,,,
"Beni 5MPC, Democratic Republic of the Congo-Uganda",,,,,,,,,,,,,,
"Constantine 5MPC, Algeria",,,,,,,,,,,,,,
"Zhangye 5MPC, China",,,,,,,,,,,,,,
"Mulhouse 5MPC, Germany-Switzerland-France",,,,,,,,,,,,,,
"Nuremberg 5MPC, Germany",,,,,,,,,,,,,,
"Tehran (Center West) 5MPC, Iran",,,,,,,,,,,,,,
"Mandla 5MPC, India",,,,,,,,,,,,,,
"Hamamatsu 5MPC, Japan-China-Russia",,,,,,,,,,,,,,
"Dinajpur 5MPC, Bangladesh",,,,,,,,,,,,,,
"Bohicon 5MPC, Ghana-Togo-Benin",,,,,,,,,,,,,,
"Chengdu (Outer) 5MPC, China",,,,,,,,,,,,,,
"Yongzhou 5MPC, China",,,,,,,,,,,,,,
"Franca 5MPC, Brazil",,,,,,,,,,,,,,
"Calabar 5MPC, Nigeria",,,,,,,,,,,,,,
"Nzérékoré 5MPC, Ivory Coast-Guinea",,,,,,,,,,,,,,
"Arequipa 5MPC, Peru",,,,,,,,,,,,,,
"Batumi 5MPC, Turkey-Georgia",,,,,,,,,,,,,,
"Asahikawa 5MPC, Japan",,,,,,,,,,,,,,
"Dhule 5MPC, India",,,,,,,,,,,,,,
"Juba 5MPC, South Sudan-Democratic Republic of the Congo",,,,,,,,,,,,,,
"Guangzhou (Periphery) 5MPC, China",,,,,,,,,,,,,,
"Khanewal 5MPC, Pakistan",,,,,,,,,,,,,,
"Jagtial 5MPC, India",,,,,,,,,,,,,,
"Jilin 5MPC, China",,,,,,,,,,,,,,
"Wuhan (Outer) 5MPC, China",,,,,,,,,,,,,,
"Kaya 5MPC, Burkina Faso",,,,,,,,,,,,,,
"Namangan 5MPC, Uzbekistan",,,,,,,,,,,,,,
"Dausa 5MPC, India",,,,,,,,,,,,,,
"Huaihua 5MPC, China",,,,,,,,,,,,,,
"Częstochowa 5MPC, Czech Republic-Poland-Slovakia",,,,,,,,,,,,,,
"Klipgat 5MPC, South Africa",,,,,,,,,,,,,,
"Kilwa 5MPC, Zambia-Democratic Republic of the Congo-Tanzania",,,,,,,,,,,,,,
"Munger 5MPC, India",,,,,,,,,,,,,,
"Lu'an 5MPC, China",,,,,,,,,,,,,,
"Beijing (Center) 5MPC, China",,,,,,,,,,,,,,
"Ajmer 5MPC, India",,,,,,,,,,,,,,
"Mariupol 5MPC, Ukraine-Russia",,,,,,,,,,,,,,
"Ratlam 5MPC, India",,,,,,,,,,,,,,
"Lviv 5MPC, Ukraine",,,,,,,,,,,,,,
"Al Managil 5MPC, Sudan",,,,,,,,,,,,,,
"Jodhpur 5MPC, India",,,,,,,,,,,,,,
"Amritsar 5MPC, India-Pakistan",,,,,,,,,,,,,,
"Anyang (Henan Sheng) 5MPC, China",,,,,,,,,,,,,,
"Mexico City (Center Southeast) 5MPC, Mexico",,,,,,,,,,,,,,
"San Luis Potosí 5MPC, Mexico",,,,,,,,,,,,,,
"Siping 5MPC, China",,,,,,,,,,,,,,
"Al-Zaqaziq‎ 5MPC, Egypt",,,,,,,,,,,,,,
"Zibo 5MPC, China",,,,,,,,,,,,,,
"Torreon 5MPC, Mexico",,,,,,,,,,,,,,
"Mbale 5MPC, Uganda",,,,,,,,,,,,,,
"Semarang 5MPC, Indonesia",,,,,,,,,,,,,,
"Tepic 5MPC, Mexico",,,,,,,,,,,,,,
"Fatehpur (Southern Uttar Pradesh) 5MPC, India",,,,,,,,,,,,,,
"Brisbane 5MPC, Australia",,,,,,,,,,,,,,
"Mwanza 5MPC, Tanzania",,,,,,,,,,,,,,
"Okara 5MPC, Pakistan",,,,,,,,,,,,,,
"Delhi [New Delhi] (Center Southeast) 5MPC, India",,,,,,,,,,,,,,
"Baoji 5MPC, China",,,,,,,,,,,,,,
"Nottingham 5MPC, United Kingdom",,,,,,,,,,,,,,
"Ettumanoor 5MPC, India",,,,,,,,,,,,,,
"Vitória da Conquista 5MPC, Brazil",,,,,,,,,,,,,,
"Jacksonville 5MPC, USA",0.1613177939755006,,0.44710001181779313,0.30556440910601246,0.24733557907619447,,,,0.7153858631479467,0.204776163601595,0.07983797325045819,,,
"Binhai (Jiangsu Sheng) 5MPC, China",,,,,,,,,,,,,,
"Cleveland 5MPC, USA",0.12910592041829888,,0.4176460895446706,0.30490239185275464,0.2774515186025747,,,,0.676428540701303,0.2325035872476739,0.09106787205102307,,,
"Toronto (Center) 5MPC, Canada",,0.07475445179852155,,,,0.22774693145331157,0.3063104445765288,0.4659426239701597,,,,0.6128881151046023,0.260403315106484,0.12670856978891373
"Belém 5MPC, Brazil",,,,,,,,,,,,,,
"Cairo (Outer) 5MPC, Egypt",,,,,,,,,,,,,,
"Bengaluru (Outer) 5MPC, India",,,,,,,,,,,,,,
"Bakersfield 5MPC, USA",0.12469390331574323,,0.30512487147974793,0.27730374444440586,0.41757138407584626,,,,0.6239285612882269,0.2239476481930609,0.15212379051871222,,,
"Raigarh 5MPC, India",,,,,,,,,,,,,,
"Mahajanga 5MPC, Madagascar",,,,,,,,,,,,,,
"Beijing (Periphery) 5MPC, China",,,,,,,,,,,,,,
"Hechuan 5MPC, China",,,,,,,,,,,,,,
"Wudil 5MPC, Nigeria",,,,,,,,,,,,,,
"Maharajganj (Uttar Pradesh) 5MPC, India-Nepal",,,,,,,,,,,,,,
"Bannu 5MPC, Pakistan",,,,,,,,,,,,,,
"Baiyin 5MPC, China",,,,,,,,,,,,,,
"Neiva 5MPC, Colombia",,,,,,,,,,,,,,
"Comilla (Center) 5MPC, Bangladesh",,,,,,,,,,,,,,
"Kharagpur 5MPC, India",,,,,,,,,,,,,,
"Dhubri 5MPC, India-Bangladesh",,,,,,,,,,,,,,
"San José 5MPC, Costa Rica",,,,,,,,,,,,,,
"Gonder 5MPC, Ethiopia",,,,,,,,,,,,,,
"Bouaké 5MPC, Ivory Coast",,,,,,,,,,,,,,
"Bogura 5MPC, Bangladesh",,,,,,,,,,,,,,
"Guangzhou (Outer East-Southeast) 5MPC, China",,,,,,,,,,,,,,
"Hodeidah 5MPC, Yemen",,,,,,,,,,,,,,
"Deyang 5MPC, China",,,,,,,,,,,,,,
"Salvador 5MPC, Brazil",,,,,,,,,,,,,,
"Dhamtari 5MPC, India",,,,,,,,,,,,,,
"Jingjiang 5MPC, China",,,,,,,,,,,,,,
"Recife 5MPC, Brazil",,,,,,,,,,,,,,
"Yuncheng 5MPC, China",,,,,,,,,,,,,,
"Shanghai (Periphery West) 5MPC, China",,,,,,,,,,,,,,
"Busia 5MPC, Kenya",,,,,,,,,,,,,,
"Purnia 5MPC, India",,,,,,,,,,,,,,
"Barcelona 5MPC, Venezuela",,,,,,,,,,,,,,
"Las Palmas de Gran Canaria 5MPC, Morocco-Spain",,,,,,,,,,,,,,
"Sapporo 5MPC, Japan",,,,,,,,,,,,,,
"Imphal 5MPC, India-Myanmar",,,,,,,,,,,,,,
"Columbia (Maryland) 5MPC, USA",0.09667311752880156,,0.3301886656968957,0.29528111477857344,0.3745302195245309,,,,0.6223730977575616,0.2440723793500119,0.13355452289242656,,,
"Lleida 5MPC, Spain-France",,,,,,,,,,,,,,
"Quy Nhơn 5MPC, Vietnam-Thailand-Cambodia",,,,,,,,,,,,,,
"Khon Kaen 5MPC, Thailand",,,,,,,,,,,,,,
"Zaria 5MPC, Nigeria",,,,,,,,,,,,,,
"Istanbul (Center West) 5MPC, Turkey",,,,,,,,,,,,,,
"Ningde 5MPC, China",,,,,,,,,,,,,,
"Kankan 5MPC, Guinea-Mali-Sierra Leone",,,,,,,,,,,,,,
"Gandhidham 5MPC, India",,,,,,,,,,,,,,
"Querétaro 5MPC, Mexico",,,,,,,,,,,,,,
"Satara 5MPC, India",,,,,,,,,,,,,,
"Quetzaltenango 5MPC, Guatemala",,,,,,,,,,,,,,
"New Orleans 5MPC, USA",0.17937487327842544,,0.46287503148630554,0.2831293674997388,0.25399560101395563,,,,0.7041795042041454,0.2099460995240011,0.08587439627185343,,,
"Baoding 5MPC, China",,,,,,,,,,,,,,
"Qiqihar 5MPC, China",,,,,,,,,,,,,,
"Nanchong 5MPC, China",,,,,,,,,,,,,,
"Angul 5MPC, India",,,,,,,,,,,,,,
"Dhaka (Periphery North) 5MPC, Bangladesh",,,,,,,,,,,,,,
"Port-de-Paix 5MPC, Haiti",,,,,,,,,,,,,,
"Hanoi (Outer) 5MPC, Vietnam",,,,,,,,,,,,,,
"Sargodha 5MPC, Pakistan",,,,,,,,,,,,,,
"Lagos (Periphery) 5MPC, Nigeria",,,,,,,,,,,,,,
"Mazar i sharif 5MPC, Afghanistan-Uzbekistan",,,,,,,,,,,,,,
"Jalalabad 5MPC, Pakistan-Afghanistan",,,,,,,,,,,,,,
"Pyongyang 5MPC, North Korea",,,,,,,,,,,,,,
"Liège 5MPC, Belgium-Netherlands",,,,,,,,,,,,,,
"Tumakuru 5MPC, India",,,,,,,,,,,,,,
"Raoping 5MPC, China",,,,,,,,,,,,,,
"Hoshiarpur 5MPC, India",,,,,,,,,,,,,,
"Sandila 5MPC, India",,,,,,,,,,,,,,
"Kapaklı 5MPC, Turkey",,,,,,,,,,,,,,
"Itahari 5MPC, India-Nepal",,,,,,,,,,,,,,
"ቡሌ ሆራ / Bule Hora 5MPC, Ethiopia",,,,,,,,,,,,,,
"Guruvayur 5MPC, India",,,,,,,,,,,,,,
"Kanazawa 5MPC, Japan",,,,,,,,,,,,,,
"Yuzhou 5MPC, China",,,,,,,,,,,,,,
"Jakarta (Periphery South) 5MPC, Indonesia",,,,,,,,,,,,,,
"Deir Ez Zor 5MPC, Syria-Turkey",,,,,,,,,,,,,,
"Shangqiu 5MPC, China",,,,,,,,,,,,,,
"Shymkent 5MPC, Kazakhstan-Uzbekistan-Tajikistan",,,,,,,,,,,,,,
"Yiyang (Hunan Sheng) 5MPC, China",,,,,,,,,,,,,,
"Balangir 5MPC, India",,,,,,,,,,,,,,
"Kayseri 5MPC, Turkey",,,,,,,,,,,,,,
"Mamuju 5MPC, Indonesia",,,,,,,,,,,,,,
"Changzhou 5MPC, China",,,,,,,,,,,,,,
"Yuxi 5MPC, China",,,,,,,,,,,,,,
"Lingling 5MPC, China",,,,,,,,,,,,,,
"Orenburg 5MPC, Russia-Kazakhstan",,,,,,,,,,,,,,
"Huai'an 5MPC, China",,,,,,,,,,,,,,
"Vancouver 5MPC, Canada-USA",,,,,,,,,,,,,,
"Pokhariya 5MPC, India-Nepal",,,,,,,,,,,,,,
"Davanagere 5MPC, India",,,,,,,,,,,,,,
"Ruzhou 5MPC, China",,,,,,,,,,,,,,
"Toamasina 5MPC, Madagascar",,,,,,,,,,,,,,
"Livingstone 5MPC, Zambia-Zimbabwe",,,,,,,,,,,,,,
"Dakar 5MPC, Senegal",,,,,,,,,,,,,,
"Abéché 5MPC, Chad-Sudan",,,,,,,,,,,,,,
"Handan 5MPC, China",,,,,,,,,,,,,,
"Quảng Ngãi 5MPC, Vietnam",,,,,,,,,,,,,,
"Tulsipur 5MPC, India",,,,,,,,,,,,,,
"Tyumen 5MPC, Russia",,,,,,,,,,,,,,
"Acapulco 5MPC, Mexico",,,,,,,,,,,,,,
"Cairo (Center West) 5MPC, Egypt",,,,,,,,,,,,,,
"Nouakchott 5MPC, Senegal-Mauritania",,,,,,,,,,,,,,
"Vila Velha 5MPC, Brazil",,,,,,,,,,,,,,
"Kiel 5MPC, Germany",,,,,,,,,,,,,,
"Budaun 5MPC, India",,,,,,,,,,,,,,
"Helsinki 5MPC, Finland-Russia-Estonia",,,,,,,,,,,,,,
"Gundo Meskel 5MPC, Ethiopia",,,,,,,,,,,,,,
"Mecca 5MPC, Saudi Arabia",,,,,,,,,,,,,,
"Kolkata (Center South) 5MPC, India",,,,,,,,,,,,,,
"Ahmedabad (Center) 5MPC, India",,,,,,,,,,,,,,
"Osaka [Kyoto] (Periphery) 5MPC, Japan",,,,,,,,,,,,,,
"Yiwu 5MPC, China",,,,,,,,,,,,,,
"Heze 5MPC, China",,,,,,,,,,,,,,
"Nakuru 5MPC, Kenya",,,,,,,,,,,,,,
"Kigali 5MPC, Rwanda",,,,,,,,,,,,,,
"Xingtai 5MPC, China",,,,,,,,,,,,,,
"Qarshi 5MPC, Uzbekistan",,,,,,,,,,,,,,
"Jolarpet 5MPC, India",,,,,,,,,,,,,,
"Saharanpur 5MPC, India",,,,,,,,,,,,,,
"Dhing 5MPC, India",,,,,,,,,,,,,,
"Karachi (Outer) 5MPC, Pakistan",,,,,,,,,,,,,,
"Los Angeles (Outer) 5MPC, USA",0.12258429691716316,,0.3048448387169963,0.2760061121855621,0.4191490490974416,,,,0.6147947008033189,0.22487449585273458,0.1603308033439465,,,
"Sa'dah 5MPC, Yemen-Saudi Arabia",,,,,,,,,,,,,,
"Liupanshui 5MPC, China",,,,,,,,,,,,,,
"Gorakhpur (Center) 5MPC, India",,,,,,,,,,,,,,
"Mumbai (Center North) 5MPC, India",,,,,,,,,,,,,,
"Yining/Qulja 5MPC, China",,,,,,,,,,,,,,
"Cotonou 5MPC, Benin",,,,,,,,,,,,,,
"Davao City 5MPC, Philippines",,,,,,,,,,,,,,
"Montes Claros 5MPC, Brazil",,,,,,,,,,,,,,
"Warangal 5MPC, India",,,,,,,,,,,,,,
"Enugu 5MPC, Nigeria",,,,,,,,,,,,,,
"Taishan 5MPC, China",,,,,,,,,,,,,,
"Cuenca 5MPC, Ecuador",,,,,,,,,,,,,,
"Bujumbura (North) 5MPC, Burundi",,,,,,,,,,,,,,
"Columbus (Ohio) 5MPC, USA",0.1259973113647565,,0.3716163488209253,0.30828192948242983,0.3201017216966449,,,,0.6411231462974432,0.24946923187288136,0.10940762182967537,,,
"Tuni 5MPC, India",,,,,,,,,,,,,,
"Birmingham 5MPC, USA",0.14405895164410143,,0.41318443425876267,0.30661766626707737,0.2801978994741599,,,,0.6942337636880966,0.2193663489494898,0.08639988736241357,,,
"Florianópolis 5MPC, Brazil",,,,,,,,,,,,,,
"Kerman 5MPC, Iran",,,,,,,,,,,,,,
"Maseru 5MPC, South Africa-Lesotho",,,,,,,,,,,,,,
"Sukkur 5MPC, Pakistan",,,,,,,,,,,,,,
"Jagdispur (Bihār) 5MPC, India",,,,,,,,,,,,,,
"Orlando 5MPC, USA",0.13548870916891081,,0.4128368813180519,0.3222828511563689,0.2648802675255793,,,,0.7145568456331757,0.2041307805347753,0.08131237383204912,,,
"Alwar 5MPC, India",,,,,,,,,,,,,,
"Hanzhong 5MPC, China",,,,,,,,,,,,,,
"Appleton 5MPC, USA",0.11500372248818384,,0.3932263821186736,0.33405848777265895,0.2727151301086675,,,,0.6818917926809162,0.2441219417436988,0.0739862655753851,,,
"Hangzhou (East) 5MPC, China",,,,,,,,,,,,,,
"Montería 5MPC, Colombia",,,,,,,,,,,,,,
"Tokyo (Outer North) 5MPC, Japan",,,,,,,,,,,,,,
"Baise 5MPC, China",,,,,,,,,,,,,,
"Enschede 5MPC, Germany-Denmark-Poland",,,,,,,,,,,,,,
"Xuzhou 5MPC, China",,,,,,,,,,,,,,
"Vientiane 5MPC, Thailand-Laos",,,,,,,,,,,,,,
"Eluru 5MPC, India",,,,,,,,,,,,,,
"Beijing (Outer) 5MPC, China",,,,,,,,,,,,,,
"Khulna 5MPC, Bangladesh",,,,,,,,,,,,,,
"Siwan 5MPC, India",,,,,,,,,,,,,,
"Malanje 5MPC, Angola-Democratic Republic of the Congo",,,,,,,,,,,,,,
"Nekemte 5MPC, Ethiopia",,,,,,,,,,,,,,
"Patna 5MPC, India",,,,,,,,,,,,,,
"Hami 5MPC, China",,,,,,,,,,,,,,
"Saharsa 5MPC, India",,,,,,,,,,,,,,
"Kaifeng 5MPC, China",,,,,,,,,,,,,,
"Cilacap 5MPC, Indonesia",,,,,,,,,,,,,,
"Stavropol 5MPC, Russia",,,,,,,,,,,,,,
"Dehradun 5MPC, India",,,,,,,,,,,,,,
"Tamale 5MPC, Ghana-Togo",,,,,,,,,,,,,,
"Addis Ababa (Outer) 5MPC, Ethiopia",,,,,,,,,,,,,,
"Baku 5MPC, Azerbaijan",,,,,,,,,,,,,,
"Bordj Bou Arreridjj 5MPC, Algeria",,,,,,,,,,,,,,
"Shiyan 5MPC, China",,,,,,,,,,,,,,
"Buenos Aires (Periphery) 5MPC, Argentina",,,,,,,,,,,,,,
"Puli Khumri 5MPC, Afghanistan",,,,,,,,,,,,,,
"Damanhur 5MPC, Egypt",,,,,,,,,,,,,,
"Karnal 5MPC, India",,,,,,,,,,,,,,
"Valencia 5MPC, Spain",,,,,,,,,,,,,,
"Amaigbo (Outer) 5MPC, Nigeria",,,,,,,,,,,,,,
"Pingguo 5MPC, China",,,,,,,,,,,,,,
"Al-Fashir 5MPC, Sudan",,,,,,,,,,,,,,
"Hengyang (Eastern Hunan Sheng) 5MPC, China",,,,,,,,,,,,,,
"Aurangabad (Mahārāshtra) 5MPC, India",,,,,,,,,,,,,,
"Meherpur 5MPC, India-Bangladesh",,,,,,,,,,,,,,
"Marseille 5MPC, France",,,,,,,,,,,,,,
"Trabzon 5MPC, Turkey-Syria-Iran",,,,,,,,,,,,,,
"Tianjin (Outer) 5MPC, China",,,,,,,,,,,,,,
"Moscow (Center North) 5MPC, Russia",,,,,,,,,,,,,,
"Moradabad 5MPC, India",,,,,,,,,,,,,,
"Virginia Beach 5MPC, USA",0.12141984706987316,,0.373054738979434,0.306983144851165,0.319962116169401,,,,0.6505833316670807,0.2420556903362169,0.10736097799670237,,,
"Balasore 5MPC, India",,,,,,,,,,,,,,
"Montepuez 5MPC, Mozambique",,,,,,,,,,,,,,
"Jhang 5MPC, Pakistan",,,,,,,,,,,,,,
"Charlotte 5MPC, USA",0.12596670659872913,,0.410904333504204,0.3070371040743529,0.282058562421443,,,,0.6880564967290393,0.2144630931716349,0.09748041009932579,,,
"Delhi [New Delhi] (Outer West) 5MPC, India",,,,,,,,,,,,,,
"Jalgaon 5MPC, India",,,,,,,,,,,,,,
"Feni 5MPC, Bangladesh",,,,,,,,,,,,,,
"Oradea 5MPC, Romania-Hungary-Ukraine",,,,,,,,,,,,,,
"Los Angeles (Center West) 5MPC, USA",0.1659338609323423,,0.38962434182532574,0.28716526473954346,0.3232103934351308,,,,0.6957184451588527,0.19714995575975952,0.10713159908138775,,,
"Brahmapur 5MPC, India",,,,,,,,,,,,,,
"Bijnor 5MPC, India",,,,,,,,,,,,,,
"Vijayapura 5MPC, India",,,,,,,,,,,,,,
"Banda (Southern Uttar Pradesh) 5MPC, India",,,,,,,,,,,,,,
"Balotra 5MPC, India",,,,,,,,,,,,,,
"Denpasar 5MPC, Indonesia",,,,,,,,,,,,,,
"Thanh Hóa 5MPC, Vietnam",,,,,,,,,,,,,,
"Nanning 5MPC, China",,,,,,,,,,,,,,
"Anqing 5MPC, China",,,,,,,,,,,,,,
"Tuxtla Gutiérrez 5MPC, Mexico",,,,,,,,,,,,,,
"Swat City 5MPC, Pakistan",,,,,,,,,,,,,,
"Dalian (Center) 5MPC, China",,,,,,,,,,,,,,
"Zhangjiakou 5MPC, China",,,,,,,,,,,,,,
"Jhunjhunu 5MPC, India",,,,,,,,,,,,,,
"Wah Cantonment 5MPC, Pakistan",,,,,,,,,,,,,,
"Tianmen 5MPC, China",,,,,,,,,,,,,,
"Debre Birhan 5MPC, Ethiopia",,,,,,,,,,,,,,
"Kinshasa (Outer) 5MPC, Democratic Republic of the Congo-Congo",,,,,,,,,,,,,,
"Madhobani 5MPC, India",,,,,,,,,,,,,,
"Strasbourg 5MPC, Germany-France",,,,,,,,,,,,,,
"Ganja 5MPC, Azerbaijan-Iran",,,,,,,,,,,,,,
"Lyon 5MPC, France-Switzerland",,,,,,,,,,,,,,
"Srikakulam 5MPC, India",,,,,,,,,,,,,,
"Tehran (Outer) 5MPC, Iran",,,,,,,,,,,,,,
"Kandhkot 5MPC, Pakistan",,,,,,,,,,,,,,
"Alexandria (Outer) 5MPC, Egypt",,,,,,,,,,,,,,
"Xilinhot 5MPC, China-Russia",,,,,,,,,,,,,,
"Amsterdam 5MPC, Netherlands",,,,,,,,,,,,,,
"Mymensingh 5MPC, Bangladesh",,,,,,,,,,,,,,
"Jakarta (Center Northwest) 5MPC, Indonesia",,,,,,,,,,,,,,
"Dhaka (Outer West) 5MPC, Bangladesh",,,,,,,,,,,,,,
"Bathinda 5MPC, India",,,,,,,,,,,,,,
"Gusau 5MPC, Nigeria",,,,,,,,,,,,,,
"Bunia 5MPC, Democratic Republic of the Congo-Uganda",,,,,,,,,,,,,,
"Xuchang 5MPC, China",,,,,,,,,,,,,,
"Jieyang (Center East) 5MPC, China",,,,,,,,,,,,,,
"Camagüey 5MPC, Cuba-Jamaica-Costa Rica",,,,,,,,,,,,,,
"Xinxiang (Northern Henan Sheng) 5MPC, China",,,,,,,,,,,,,,
"Kumamoto 5MPC, Japan",,,,,,,,,,,,,,
"Shillong 5MPC, India-Bangladesh",,,,,,,,,,,,,,
"Okitipupa 5MPC, Nigeria",,,,,,,,,,,,,,
"Dandong 5MPC, China-North Korea",,,,,,,,,,,,,,
"Đà Nẵng 5MPC, Vietnam-Laos",,,,,,,,,,,,,,
"Medininagar 5MPC, India",,,,,,,,,,,,,,
"Little Rock 5MPC, USA",0.1505181601156638,,0.4732164607249466,0.3143125982756917,0.2124709409993617,,,,0.743577254136924,0.19602701837957884,0.06039572748349727,,,
"Atlanta 5MPC, USA",0.11125033555063656,,0.32394654925106364,0.2982373128624808,0.3778161378864556,,,,0.6043320086267401,0.24565510849572575,0.15001288287753411,,,
"Maiduguri 5MPC, Nigeria-Niger",,,,,,,,,,,,,,
"Bucaramanga 5MPC, Colombia-Venezuela",,,,,,,,,,,,,,
"Jinzhou (Liaoning Sheng) 5MPC, China",,,,,,,,,,,,,,
"Changde 5MPC, China",,,,,,,,,,,,,,
"Guatemala City 5MPC, Guatemala",,,,,,,,,,,,,,
"Goma 5MPC, Democratic Republic of the Congo-Rwanda",,,,,,,,,,,,,,
"Taubaté 5MPC, Brazil",,,,,,,,,,,,,,
"Ballia 5MPC, India",,,,,,,,,,,,,,
"Roxas City 5MPC, Philippines",,,,,,,,,,,,,,
"Huludao 5MPC, China",,,,,,,,,,,,,,
"Dutse 5MPC, Nigeria",,,,,,,,,,,,,,
"Panama City 5MPC, Panama-Colombia",,,,,,,,,,,,,,
"Aracaju 5MPC, Brazil",,,,,,,,,,,,,,
"Jamshedpur (Center) 5MPC, India",,,,,,,,,,,,,,
"Zhaoqing 5MPC, China",,,,,,,,,,,,,,
"Prayagraj 5MPC, India",,,,,,,,,,,,,,
"Samarinda 5MPC, Indonesia",,,,,,,,,,,,,,
"Xingning 5MPC, China",,,,,,,,,,,,,,
"Jos 5MPC, Nigeria",,,,,,,,,,,,,,
"Springfield (Massachusetts) 5MPC, USA",0.09633879446504473,,0.3205192970363486,0.2846805285459784,0.39480017441767307,,,,0.6051710081645892,0.26634084078079556,0.12848815105461514,,,
"Seattle 5MPC, USA",0.08624913097627351,,0.25332831131857503,0.28099759142807307,0.46567409725335196,,,,0.5371934596912008,0.265817792418005,0.19698874789079418,,,
"Techiman 5MPC, Ghana-Ivory Coast",,,,,,,,,,,,,,
"Tabanan 5MPC, Indonesia",,,,,,,,,,,,,,
"Bulawayo 5MPC, Zimbabwe",,,,,,,,,,,,,,
"Hafizabad 5MPC, Pakistan",,,,,,,,,,,,,,
"Guangzhou (Outer West) 5MPC, China",,,,,,,,,,,,,,
"Rabat 5MPC, Morocco",,,,,,,,,,,,,,
"Guayaquil 5MPC, Ecuador",,,,,,,,,,,,,,
"Hyderabad 5MPC, Pakistan",,,,,,,,,,,,,,
"Fatehabad (Haryāna) 5MPC, India",,,,,,,,,,,,,,
"Guangzhou (Outer Southeast) 5MPC, China",,,,,,,,,,,,,,
"Chalisgaon 5MPC, India",,,,,,,,,,,,,,
"Ash Shalif 5MPC, Algeria",,,,,,,,,,,,,,
"Portland (Oregon-Washington) 5MPC, USA",0.10776725732969633,,0.32047443795628294,0.31193903799765554,0.3675865240460617,,,,0.6243592283913253,0.2505037967530672,0.1251369748556075,,,
"Yazd 5MPC, Iran",,,,,,,,,,,,,,
"Constanța 5MPC, Romania-Bulgaria",,,,,,,,,,,,,,
"Lucheng (Yunnan Sheng) 5MPC, China",,,,,,,,,,,,,,
"Bangkok (Periphery) 5MPC, Thailand",,,,,,,,,,,,,,
"Phoenix 5MPC, USA",0.1194722666550618,,0.3344628502208551,0.3189858474342942,0.3465513023448506,,,,0.6377662757306457,0.24228631779753396,0.11994740647182028,,,
"Mexico City (Outer) 5MPC, Mexico",,,,,,,,,,,,,,
"Pontianak 5MPC, Indonesia-Malaysia",,,,,,,,,,,,,,
"Haeju 5MPC, Japan-South Korea-North Korea",,,,,,,,,,,,,,
"Kuchai Kot 5MPC, India",,,,,,,,,,,,,,
"Bikaner 5MPC, India",,,,,,,,,,,,,,
"Gujrat 5MPC, Pakistan",,,,,,,,,,,,,,
"Mumbai (Outer Northeast) 5MPC, India",,,,,,,,,,,,,,
"Ado Ekiti 5MPC, Nigeria",,,,,,,,,,,,,,
"Changzhi 5MPC, China",,,,,,,,,,,,,,
"Barkhada 5MPC, Bangladesh",,,,,,,,,,,,,,
"Lima (Periphery) 5MPC, Peru",,,,,,,,,,,,,,
"Yogyakarta (East) 5MPC, Indonesia",,,,,,,,,,,,,,
"Zigong 5MPC, China",,,,,,,,,,,,,,
"陵城区 5MPC, China",,,,,,,,,,,,,,
"Jangipur 5MPC, India-Bangladesh",,,,,,,,,,,,,,
"Concepción 5MPC, Chile",,,,,,,,,,,,,,
"渭城区 5MPC, China",,,,,,,,,,,,,,
"Kozhikode 5MPC, India",,,,,,,,,,,,,,
"Quezon City [Manila] (Center North) 5MPC, Philippines",,,,,,,,,,,,,,
"Morelia 5MPC, Mexico",,,,,,,,,,,,,,
"Fengdu 5MPC, China",,,,,,,,,,,,,,
"Split 5MPC, Bosnia and Herzegovina-Croatia-Slovenia",,,,,,,,,,,,,,
"Havana 5MPC, Cuba",,,,,,,,,,,,,,
"Rosario 5MPC, Argentina",,,,,,,,,,,,,,
"Gondia 5MPC, India",,,,,,,,,,,,,,
"Monterrey 5MPC, Mexico",,,,,,,,,,,,,,
"Brahmanbaria 5MPC, Bangladesh",,,,,,,,,,,,,,
"Guiyang (Guizhou Sheng) 5MPC, China",,,,,,,,,,,,,,
"Longyan 5MPC, China",,,,,,,,,,,,,,
"Sansarpur 5MPC, India-Nepal",,,,,,,,,,,,,,
"Mishima 5MPC, Japan",,,,,,,,,,,,,,
"Kuwait City (Center) 5MPC, Iraq-Kuwait",,,,,,,,,,,,,,
"Vinnytsia 5MPC, Ukraine",,,,,,,,,,,,,,
"A Coruña 5MPC, Spain",,,,,,,,,,,,,,
"Bojonegoro 5MPC, Indonesia",,,,,,,,,,,,,,
"Dambidollo 5MPC, Ethiopia",,,,,,,,,,,,,,
"Thiruvananthapuram (West) 5MPC, India",,,,,,,,,,,,,,
"Xichang 5MPC, China",,,,,,,,,,,,,,
"Novosibirsk 5MPC, Russia",,,,,,,,,,,,,,
"Tianshui 5MPC, China",,,,,,,,,,,,,,
"Glasgow 5MPC, United Kingdom",,,,,,,,,,,,,,
"Guangzhou (Center West-Northwest) 5MPC, China",,,,,,,,,,,,,,
"Rizhao 5MPC, China",,,,,,,,,,,,,,
"Sikandarabad 5MPC, India",,,,,,,,,,,,,,
"Ghazipur 5MPC, India",,,,,,,,,,,,,,
"Seoul (Center North) 5MPC, South Korea",,,,,,,,,,,,,,
"Tahoua 5MPC, Niger",,,,,,,,,,,,,,
"Laibin 5MPC, China",,,,,,,,,,,,,,
"Cali 5MPC, Colombia",,,,,,,,,,,,,,
"Port Harcourt 5MPC, Nigeria",,,,,,,,,,,,,,
"Namibe 5MPC, Democratic Republic of the Congo-Angola-Namibia",,,,,,,,,,,,,,
"Ziyang 5MPC, China",,,,,,,,,,,,,,
"Baoshan (Yunnan Sheng) 5MPC, China",,,,,,,,,,,,,,
"Uyo 5MPC, Nigeria",,,,,,,,,,,,,,
"Nicosia 5MPC, Syria-Cyprus-Turkey",,,,,,,,,,,,,,
"Mumbai (Center South) 5MPC, India",,,,,,,,,,,,,,
"Rajamahendravaram 5MPC, India",,,,,,,,,,,,,,
"Huzhou 5MPC, China",,,,,,,,,,,,,,
"Pathein 5MPC, Myanmar",,,,,,,,,,,,,,
"Alibag 5MPC, India",,,,,,,,,,,,,,
"Memphis 5MPC, USA",0.17081124972945427,,0.4827744714326885,0.29715145355165024,0.22007407501566126,,,,0.7396250765457888,0.19376983594065295,0.06660508751355822,,,
"Namakkal 5MPC, India",,,,,,,,,,,,,,
"Nimule 5MPC, Uganda-South Sudan",,,,,,,,,,,,,,
"Prague 5MPC, Czech Republic-Germany",,,,,,,,,,,,,,
"Lubumbashi 5MPC, Democratic Republic of the Congo",,,,,,,,,,,,,,
"Cagayan de Oro 5MPC, Philippines",,,,,,,,,,,,,,
"Dhaka (Center) 5MPC, Bangladesh",,,,,,,,,,,,,,
"Benin City 5MPC, Nigeria",,,,,,,,,,,,,,
"Gaza 5MPC, State of Palestine-Israel",,,,,,,,,,,,,,
"Salta 5MPC, Argentina-Paraguay",,,,,,,,,,,,,,
"Yerevan 5MPC, Armenia-Georgia-Azerbaijan",,,,,,,,,,,,,,
"Aberdeen 5MPC, United Kingdom-Ireland",,,,,,,,,,,,,,
"Cardiff 5MPC, United Kingdom",,,,,,,,,,,,,,
"Yarim 5MPC, Yemen",,,,,,,,,,,,,,
"Katihar 5MPC, India",,,,,,,,,,,,,,
"Maracay 5MPC, Venezuela",,,,,,,,,,,,,,
"Bhatpara 5MPC, India",,,,,,,,,,,,,,
"Bareilly 5MPC, India",,,,,,,,,,,,,,
"Bayannur 5MPC, China",,,,,,,,,,,,,,
"Sanya 5MPC, China",,,,,,,,,,,,,,
"Panaji 5MPC, India",,,,,,,,,,,,,,
"Lagos (Center) 5MPC, Nigeria",,,,,,,,,,,,,,
"Molo 5MPC, Kenya",,,,,,,,,,,,,,
"Lakshmipur 5MPC, Bangladesh",,,,,,,,,,,,,,
"Thái Nguyên 5MPC, Vietnam",,,,,,,,,,,,,,
"Valencia 5MPC, Venezuela",,,,,,,,,,,,,,
"Osh 5MPC, Uzbekistan-Kyrgyzstan",,,,,,,,,,,,,,
"Suqian 5MPC, China",,,,,,,,,,,,,,
"Craiova 5MPC, Romania-Serbia",,,,,,,,,,,,,,
"Suining (Sichuan Sheng) 5MPC, China",,,,,,,,,,,,,,
"Astrakhan 5MPC, Russia-Azerbaijan",,,,,,,,,,,,,,
"Dumaguete 5MPC, Philippines",,,,,,,,,,,,,,
"Jakarta (Outer East-Southeast) 5MPC, Indonesia",,,,,,,,,,,,,,
"Shanghai (Center) 5MPC, China",,,,,,,,,,,,,,
"Yakutsk 5MPC, Russia-Mongolia",,,,,,,,,,,,,,
"Kolwezi 5MPC, Zambia-Mozambique-Democratic Republic of the Congo",,,,,,,,,,,,,,
"Aurangabad (Bihār) 5MPC, India",,,,,,,,,,,,,,
"Indore (Center) 5MPC, India",,,,,,,,,,,,,,
"Guwahati (Center) 5MPC, India",,,,,,,,,,,,,,
"Xuyi 5MPC, China",,,,,,,,,,,,,,
"Dahod 5MPC, India",,,,,,,,,,,,,,
"Kaesong 5MPC, North Korea",,,,,,,,,,,,,,
"Pokhara 5MPC, Nepal-India",,,,,,,,,,,,,,
"Socoura 5MPC, Mali",,,,,,,,,,,,,,
"Colombo (Outer) 5MPC, Sri Lanka",,,,,,,,,,,,,,
"An Nazlah 5MPC, Egypt",,,,,,,,,,,,,,
"Dallas (Center) 5MPC, USA",0.11536425479655107,,0.32813436691532005,0.30621996626261316,0.3656456668220668,,,,0.605252204565724,0.24840885499116597,0.14633894044310994,,,
"Campos dos Goytacazes 5MPC, Brazil",,,,,,,,,,,,,,
"Lexington 5MPC, USA",0.18735469623223122,,0.5150167481956203,0.2921923279842299,0.1927909238201498,,,,0.7637711583297129,0.18021818954895247,0.056010652121334596,,,
"Rotterdam [The Hague] (Outer) 5MPC, Netherlands-Belgium-Germany",,,,,,,,,,,,,,
"Obuasi 5MPC, Ghana",,,,,,,,,,,,,,
"Chihuahua 5MPC, Mexico",,,,,,,,,,,,,,
"Siguiri 5MPC, Mali-Guinea-Ivory Coast",,,,,,,,,,,,,,
"Vadodara 5MPC, India",,,,,,,,,,,,,,
"Jiangjin 5MPC, China",,,,,,,,,,,,,,
"Mian Channu 5MPC, Pakistan",,,,,,,,,,,,,,
"Ahwaz 5MPC, Iran-Iraq",,,,,,,,,,,,,,
"Sitapur 5MPC, India",,,,,,,,,,,,,,
"Taunggyi 5MPC, Myanmar",,,,,,,,,,,,,,
"São José do Rio Preto 5MPC, Brazil",,,,,,,,,,,,,,
"Sacramento 5MPC, USA",0.11396115333623413,,0.2886199270329906,0.287086473209818,0.4242935997571914,,,,0.5984664458098953,0.2481669883584993,0.1533665658316054,,,
"Bilaspur (Chhattīsgarh) 5MPC, India",,,,,,,,,,,,,,
"Gwalior 5MPC, India",,,,,,,,,,,,,,
"Delhi [New Delhi] (Center Northwest) 5MPC, India",,,,,,,,,,,,,,
"Kingston 5MPC, Cuba-Jamaica",,,,,,,,,,,,,,
"Kurnool 5MPC, India",,,,,,,,,,,,,,
"Chennai (Periphery) 5MPC, India",,,,,,,,,,,,,,
"Gaozhou 5MPC, China",,,,,,,,,,,,,,
"Jieyang (Outer) 5MPC, China",,,,,,,,,,,,,,
"Jinka 5MPC, Kenya-Ethiopia-Uganda",,,,,,,,,,,,,,
"Xinyu 5MPC, China",,,,,,,,,,,,,,
"Uvira 5MPC, Tanzania-Burundi-Democratic Republic of the Congo",,,,,,,,,,,,,,
"Hat Yai 5MPC, Thailand-Malaysia",,,,,,,,,,,,,,
"Ilorin 5MPC, Nigeria",,,,,,,,,,,,,,
"Ulan Hot 5MPC, China",,,,,,,,,,,,,,
"Delhi [New Delhi] (Periphery) 5MPC, India",,,,,,,,,,,,,,
"Etah 5MPC, India",,,,,,,,,,,,,,
"Rochester (New York) 5MPC, USA",0.12912539754037974,,0.3868535765867489,0.3096375461876818,0.3035088772255693,,,,0.6569731955038648,0.2515457151932626,0.09148108930287253,,,
"Mogho 5MPC, Nigeria",,,,,,,,,,,,,,
"Chicago (Outer) 5MPC, USA",0.11870212272852876,,0.36434701236984507,0.3130722981661158,0.322580689464039,,,,0.6383308808935344,0.25988277575756147,0.10178634334890407,,,
"Faridpur 5MPC, Bangladesh",,,,,,,,,,,,,,
"El Wak 5MPC, Kenya-Somalia-Ethiopia",,,,,,,,,,,,,,
"Luhe 5MPC, China",,,,,,,,,,,,,,
"Khagaria 5MPC, India",,,,,,,,,,,,,,
"Chengde (Western Hebei Sheng) 5MPC, China",,,,,,,,,,,,,,
"Szeged 5MPC, Hungary-Serbia-Croatia",,,,,,,,,,,,,,
"Lopburi 5MPC, Thailand",,,,,,,,,,,,,,
"Naypyidaw 5MPC, Myanmar",,,,,,,,,,,,,,
"Arrah 5MPC, India",,,,,,,,,,,,,,
"Asansol (Center) 5MPC, India",,,,,,,,,,,,,,
"Longnan (Gansu Sheng) 5MPC, China",,,,,,,,,,,,,,
"Cazombo 5MPC, Angola-Namibia-Zambia",,,,,,,,,,,,,,
"Pati 5MPC, Indonesia",,,,,,,,,,,,,,
"Río Piedras [San Juan] 5MPC, USA-Dominican Republic",,,,,,,,,,,,,,
"Jiamusi 5MPC, China",,,,,,,,,,,,,,
"Jagdalpur 5MPC, India",,,,,,,,,,,,,,
"Anshun 5MPC, China",,,,,,,,,,,,,,
"Doha 5MPC, Qatar-Saudi Arabia-Iran",,,,,,,,,,,,,,
"Port Sudan 5MPC, Sudan",,,,,,,,,,,,,,
"Beihai 5MPC, China",,,,,,,,,,,,,,
"Saltillo 5MPC, USA-Mexico",,,,,,,,,,,,,,
"Tulungagung 5MPC, Indonesia",,,,,,,,,,,,,,
"Etawah 5MPC, India",,,,,,,,,,,,,,
"Jalalpur 5MPC, India",,,,,,,,,,,,,,
"Nellore 5MPC, India",,,,,,,,,,,,,,
"Shanghai (Outer) 5MPC, China",,,,,,,,,,,,,,
"Ciudad del Este 5MPC, Brazil-Argentina-Paraguay",,,,,,,,,,,,,,
"Aykel 5MPC, Ethiopia",,,,,,,,,,,,,,
"Asansol (Outer) 5MPC, India",,,,,,,,,,,,,,
"San Pedro Sula 5MPC, Honduras-El Salvador",,,,,,,,,,,,,,
"Londrina 5MPC, Brazil",,,,,,,,,,,,,,
"Datong 5MPC, China",,,,,,,,,,,,,,
"Sagar 5MPC, India",,,,,,,,,,,,,,
"Padang Sidempuan 5MPC, Indonesia",,,,,,,,,,,,,,
"Caracas 5MPC, Venezuela",,,,,,,,,,,,,,
"Yenagoa 5MPC, Nigeria",,,,,,,,,,,,,,
"Jimma (Southern Oromīya) 5MPC, Ethiopia",,,,,,,,,,,,,,
"Tangier 5MPC, Morocco",,,,,,,,,,,,,,
"Al Ain 5MPC, United Arab Emirates-Oman",,,,,,,,,,,,,,
"Hathras 5MPC, India",,,,,,,,,,,,,,
"Bokaro 5MPC, India",,,,,,,,,,,,,,
"Ad Diwaniyah 5MPC, Iraq",,,,,,,,,,,,,,
"Nakhon Ratchasima 5MPC, Thailand",,,,,,,,,,,,,,
"Shiraz (Center) 5MPC, Iran",,,,,,,,,,,,,,
"Waidhan 5MPC, India",,,,,,,,,,,,,,
"Salt Lake City 5MPC, USA",0.09468140372983,,0.32599819905719324,0.3342819636122134,0.33971983733059335,,,,0.6630006854020761,0.23470628006407634,0.10229303453384742,,,
"Khamis Mushait 5MPC, Saudi Arabia-Yemen",,,,,,,,,,,,,,
"Tabuk 5MPC, Egypt-Saudi Arabia-Jordan",,,,,,,,,,,,,,
"Omsk 5MPC, Kazakhstan-Russia",,,,,,,,,,,,,,
"Shaoguan 5MPC, China",,,,,,,,,,,,,,
"Pekalongan 5MPC, Indonesia",,,,,,,,,,,,,,
"Hong Kong 5MPC, China",,,,,,,,,,,,,,
"El Oued 5MPC, Algeria",,,,,,,,,,,,,,
"San-Pédro 5MPC, Ivory Coast-Liberia",,,,,,,,,,,,,,
"Tarcha 5MPC, Ethiopia",,,,,,,,,,,,,,
"Timbuktu 5MPC, Mali-Burkina Faso",,,,,,,,,,,,,,
"Surendranagar 5MPC, India",,,,,,,,,,,,,,
"Sete Lagoas 5MPC, Brazil",,,,,,,,,,,,,,
"Bihar Sharif 5MPC, India",,,,,,,,,,,,,,
"Ahmadnagar 5MPC, India",,,,,,,,,,,,,,
"Jabalpur 5MPC, India",,,,,,,,,,,,,,
"Dhenkanal 5MPC, India",,,,,,,,,,,,,,
"San Antonio 5MPC, USA",0.11870008731366613,,0.32929020553622557,0.30236408938648757,0.3683457050772869,,,,0.6102134011012295,0.25313545345904986,0.13665114543972068,,,
"Chifeng 5MPC, China",,,,,,,,,,,,,,
"Sar-e Pol 5MPC, Uzbekistan-Afghanistan-Tajikistan",,,,,,,,,,,,,,
"Nalgonda 5MPC, India",,,,,,,,,,,,,,
"Phuket 5MPC, Thailand",,,,,,,,,,,,,,
"Labé 5MPC, Guinea-Guinea-Bissau",,,,,,,,,,,,,,
"Malemba Nkulu 5MPC, Democratic Republic of the Congo",,,,,,,,,,,,,,
"Khammam 5MPC, India",,,,,,,,,,,,,,
"Zhaotong 5MPC, China",,,,,,,,,,,,,,
"Cooch Behar (Southern West Bengal) 5MPC, India",,,,,,,,,,,,,,
"Anshan 5MPC, China",,,,,,,,,,,,,,
"Daqing 5MPC, China",,,,,,,,,,,,,,
"Lobito 5MPC, Angola",,,,,,,,,,,,,,
"Gazaria 5MPC, India-Bangladesh",,,,,,,,,,,,,,
"Kassala 5MPC, Eritrea-Sudan-Ethiopia",,,,,,,,,,,,,,
"Touba 5MPC, Senegal",,,,,,,,,,,,,,
"Greensboro 5MPC, USA",0.13175078152114034,,0.39983004028483715,0.30576246079868635,0.2944074989164765,,,,0.6728235435909317,0.22206530376696437,0.105111152642104,,,
"Vasai-Virar 5MPC, India",,,,,,,,,,,,,,
"Bahraich 5MPC, India",,,,,,,,,,,,,,
"Middlesbrough 5MPC, United Kingdom",,,,,,,,,,,,,,
"Minquan 5MPC, China",,,,,,,,,,,,,,
"Cheboksary 5MPC, Russia",,,,,,,,,,,,,,
"রামু Ramu (Outer) 5MPC, China-Myanmar-Bangladesh",,,,,,,,,,,,,,
"San Fernando 5MPC, Philippines",,,,,,,,,,,,,,
"Charikar 5MPC, Afghanistan",,,,,,,,,,,,,,
"Madurai 5MPC, India",,,,,,,,,,,,,,
"Jaigaon 5MPC, India-Bangladesh-Nepal",,,,,,,,,,,,,,
"Nyamilima 5MPC, Uganda-Rwanda",,,,,,,,,,,,,,
"Hosapete 5MPC, India",,,,,,,,,,,,,,
"Batticaloa 5MPC, Sri Lanka",,,,,,,,,,,,,,
"Jakarta (Further Periphery) 5MPC, Indonesia",,,,,,,,,,,,,,
"Bauchi 5MPC, Nigeria",,,,,,,,,,,,,,
"Maputo 5MPC, Mozambique-South Africa-Eswatini",,,,,,,,,,,,,,
"Bairgania 5MPC, India-Nepal",,,,,,,,,,,,,,
"Nizhny Novgorod 5MPC, Russia",,,,,,,,,,,,,,
"Bhopal 5MPC, India",,,,,,,,,,,,,,
"Jingdezhen 5MPC, China",,,,,,,,,,,,,,
"Campo Grande 5MPC, Brazil-Paraguay",,,,,,,,,,,,,,
"Mendoza 5MPC, Argentina",,,,,,,,,,,,,,
"Le Havre 5MPC, France",,,,,,,,,,,,,,
"Jinghong 5MPC, China-Laos-Vietnam",,,,,,,,,,,,,,
"Vapi 5MPC, India",,,,,,,,,,,,,,
"Freetown 5MPC, Sierra Leone-Guinea",,,,,,,,,,,,,,
"Chhindwara 5MPC, India",,,,,,,,,,,,,,
"Karachi (Center North-Northeast) 5MPC, Pakistan",,,,,,,,,,,,,,
"Karachi (Center North) 5MPC, Pakistan",,,,,,,,,,,,,,
"Ghatal 5MPC, India",,,,,,,,,,,,,,
"Qianwei 5MPC, China",,,,,,,,,,,,,,
"Guilin 5MPC, China",,,,,,,,,,,,,,
"Murcia 5MPC, Spain",,,,,,,,,,,,,,
"Houston (Center) 5MPC, USA",0.15665766883946003,,0.3848777651642064,0.29430267089519996,0.32081956394059363,,,,0.6497767638133145,0.22615184585165868,0.12407139033502684,,,
"Bhind 5MPC, India",,,,,,,,,,,,,,
"Lingshan 5MPC, China",,,,,,,,,,,,,,
"Mbandaka 5MPC, Democratic Republic of the Congo-Congo-Gabon",,,,,,,,,,,,,,
"Erbil 5MPC, Iraq",,,,,,,,,,,,,,
"Lipu 5MPC, China",,,,,,,,,,,,,,
"Barmer 5MPC, Pakistan-India",,,,,,,,,,,,,,
"Padang (Center) 5MPC, Indonesia",,,,,,,,,,,,,,
"Bloemfontein 5MPC, South Africa",,,,,,,,,,,,,,
"Galkayo 5MPC, Ethiopia-Somalia",,,,,,,,,,,,,,
"Shahdol 5MPC, India",,,,,,,,,,,,,,
"Baran 5MPC, India",,,,,,,,,,,,,,
"Zhanjiang 5MPC, China",,,,,,,,,,,,,,
"Tegucigalpa 5MPC, Honduras",,,,,,,,,,,,,,
"Macapá 5MPC, Brazil",,,,,,,,,,,,,,
"Thalassery 5MPC, India-Sri Lanka",,,,,,,,,,,,,,
"Katwa 5MPC, India",,,,,,,,,,,,,,
"Chimbote 5MPC, Peru",,,,,,,,,,,,,,
"Adilabad 5MPC, India",,,,,,,,,,,,,,
"Mirerani 5MPC, Tanzania",,,,,,,,,,,,,,
"Ndiuka 5MPC, Tanzania",,,,,,,,,,,,,,
"Sunamganj District 5MPC, Bangladesh",,,,,,,,,,,,,,
"Mérida 5MPC, Mexico",,,,,,,,,,,,,,
"Rasht 5MPC, Iran",,,,,,,,,,,,,,
"Mokama 5MPC, India-Nepal",,,,,,,,,,,,,,
"Santiago 5MPC, Philippines",,,,,,,,,,,,,,
"Lima (Outer) 5MPC, Peru",,,,,,,,,,,,,,
"Manono 5MPC, Democratic Republic of the Congo",,,,,,,,,,,,,,
"Maradi 5MPC, Nigeria-Niger",,,,,,,,,,,,,,
"Hailun 5MPC, China",,,,,,,,,,,,,,
"Ciudad Juárez 5MPC, USA-Mexico",,,,,,,,,,,,,,
"Al-Ubayyid 5MPC, Sudan",,,,,,,,,,,,,,
"Hong Ngu 5MPC, Cambodia-Vietnam",,,,,,,,,,,,,,
"Selong 5MPC, Indonesia",,,,,,,,,,,,,,
"Cuiabá 5MPC, Brazil",,,,,,,,,,,,,,
"Cherepovets 5MPC, Russia-Finland",,,,,,,,,,,,,,
"Indore (Outer) 5MPC, India",,,,,,,,,,,,,,
"Chimoio 5MPC, Mozambique-Zimbabwe",,,,,,,,,,,,,,
"Kandahar 5MPC, Afghanistan-Pakistan",,,,,,,,,,,,,,
"Biu 5MPC, Nigeria",,,,,,,,,,,,,,
"Dujiangyan 5MPC, China",,,,,,,,,,,,,,
"Phan Thiet 5MPC, Vietnam-Cambodia",,,,,,,,,,,,,,
"Milwaukee 5MPC, USA",0.10110227297563786,,0.3148555099054933,0.2947856954892952,0.39035879460521156,,,,0.6036807235508119,0.25813650580899683,0.13818277064019124,,,
"Liuzhou 5MPC, China",,,,,,,,,,,,,,
"Siliguri 5MPC, India-Bangladesh-Nepal",,,,,,,,,,,,,,
"Chakwal 5MPC, Pakistan",,,,,,,,,,,,,,
"Calgary 5MPC, Canada",,0.04727966098527452,,,,0.20313011037944598,0.3234328907418005,0.47343699887875357,,,,0.559446511871156,0.30459877139730795,0.13595471673153606
"Zamboanga City 5MPC, Philippines",,,,,,,,,,,,,,
"Sari 5MPC, Iran",,,,,,,,,,,,,,
"Dairut 5MPC, Egypt",,,,,,,,,,,,,,
"Goiânia (Center) 5MPC, Brazil",,,,,,,,,,,,,,
"São Luís 5MPC, Brazil",,,,,,,,,,,,,,
"Muse 5MPC, China-Myanmar",,,,,,,,,,,,,,
"Gaborone 5MPC, Botswana-South Africa-Zimbabwe",,,,,,,,,,,,,,
"Teresina 5MPC, Brazil",,,,,,,,,,,,,,
"Curup 5MPC, Indonesia",,,,,,,,,,,,,,
"Iseyin 5MPC, Nigeria",,,,,,,,,,,,,,
"Nasiriyah 5MPC, Iran-Iraq-Saudi Arabia",,,,,,,,,,,,,,
"Odesa 5MPC, Ukraine",,,,,,,,,,,,,,
"Tây Ninh 5MPC, Vietnam",,,,,,,,,,,,,,
"Cairo (Center North) 5MPC, Egypt",,,,,,,,,,,,,,
"Basoda 5MPC, India",,,,,,,,,,,,,,
"Mangaluru (Center) 5MPC, India",,,,,,,,,,,,,,
"Tver 5MPC, Russia",,,,,,,,,,,,,,
"Sibu 5MPC, Indonesia-Malaysia",,,,,,,,,,,,,,
"Puducherry 5MPC, India",,,,,,,,,,,,,,
"Bida 5MPC, Nigeria",,,,,,,,,,,,,,
"Mumbai (Center Northeast) 5MPC, India",,,,,,,,,,,,,,
"Mogadishu (Center) 5MPC, Somalia",,,,,,,,,,,,,,
"Kisangani 5MPC, Democratic Republic of the Congo",,,,,,,,,,,,,,
"Kazan 5MPC, Russia",,,,,,,,,,,,,,
"Panzhihua 5MPC, China",,,,,,,,,,,,,,
"Tshikapa (Outer) 5MPC, Democratic Republic of the Congo-Angola",,,,,,,,,,,,,,
"Bertoua 5MPC, Cameroon-Gabon",,,,,,,,,,,,,,
"Shahjahanpur 5MPC, India",,,,,,,,,,,,,,
"Ségou 5MPC, Mali-Mauritania-Burkina Faso",,,,,,,,,,,,,,
"Khabarovsk 5MPC, China-Russia",,,,,,,,,,,,,,
"Zonguldak 5MPC, Turkey",,,,,,,,,,,,,,
"Gorakhpur (Outer) 5MPC, Nepal-India",,,,,,,,,,,,,,
"Jambi 5MPC, Indonesia",,,,,,,,,,,,,,
"Belagavi 5MPC, India",,,,,,,,,,,,,,
"Ciudad Ojeda 5MPC, Venezuela-France-USA",,,,,,,,,,,,,,
"Phalodi 5MPC, India",,,,,,,,,,,,,,
"Kollam 5MPC, India",,,,,,,,,,,,,,
"Miami (Outer) 5MPC, USA-Cuba",,,,,,,,,,,,,,
"Solapur 5MPC, India",,,,,,,,,,,,,,
"Kananga 5MPC, Democratic Republic of the Congo",,,,,,,,,,,,,,
"Bilbao 5MPC, Spain-France",,,,,,,,,,,,,,
"Panjgur 5MPC, Pakistan-India-Afghanistan",,,,,,,,,,,,,,
"Tiaret 5MPC, Algeria-France-Spain",,,,,,,,,,,,,,
"Bumba 5MPC, Democratic Republic of the Congo",,,,,,,,,,,,,,
"Sullana 5MPC, Ecuador-Peru",,,,,,,,,,,,,,
"Eugene 5MPC, USA-Canada",,,,,,,,,,,,,,
"Asuncion 5MPC, Paraguay",,,,,,,,,,,,,,
"Takoradi [Sekondi-Takoradi] (Center) 5MPC, Ivory Coast-Ghana",,,,,,,,,,,,,,
"Conakry 5MPC, Guinea-Sierra Leone",,,,,,,,,,,,,,
"Meru 5MPC, Kenya-Uganda",,,,,,,,,,,,,,
"Lipetsk 5MPC, Russia",,,,,,,,,,,,,,
"Proddatur 5MPC, India",,,,,,,,,,,,,,
"Herat (South) 5MPC, Afghanistan-Iran",,,,,,,,,,,,,,
"Mongbwalu 5MPC, Uganda-Democratic Republic of the Congo",,,,,,,,,,,,,,
"Piura 5MPC, Peru-Colombia-Ecuador",,,,,,,,,,,,,,
"Honolulu 5MPC, USA-Canada",,,,,,,,,,,,,,
"Kishi 5MPC, Nigeria-Benin",,,,,,,,,,,,,,
"Mangaluru (Outer) 5MPC, India",,,,,,,,,,,,,,
"Resistencia 5MPC, Argentina-Paraguay",,,,,,,,,,,,,,
"Riyadh (Outer) 5MPC, Saudi Arabia",,,,,,,,,,,,,,
"Reynosa 5MPC, Mexico-USA",,,,,,,,,,,,,,
"Kikwit 5MPC, Democratic Republic of the Congo",,,,,,,,,,,,,,
"Takoradi [Sekondi-Takoradi] (Outer) 5MPC, Ghana-Senegal-Mauritania",,,,,,,,,,,,,,
"Sana'a (Center) 5MPC, Yemen",,,,,,,,,,,,,,
"East London 5MPC, South Africa",,,,,,,,,,,,,,
"Faya-Largeau 5MPC, Chad-Sudan-Libya",,,,,,,,,,,,,,
"Malé 5MPC, Indonesia-Sri Lanka-Myanmar",,,,,,,,,,,,,,
"Mafara 5MPC, Nigeria-Niger",,,,,,,,,,,,,,
"Bongor 5MPC, Chad-Cameroon",,,,,,,,,,,,,,
"Trondheim 5MPC, Norway-Sweden",,,,,,,,,,,,,,
"Tshikapa (Center) 5MPC, Democratic Republic of the Congo",,,,,,,,,,,,,,
"Ma'anshan 5MPC, China",,,,,,,,,,,,,,
"Geelong 5MPC, Australia",,,,,,,,,,,,,,
"Seville 5MPC, Spain",,,,,,,,,,,,,,
"Kongolo 5MPC, Democratic Republic of the Congo",,,,,,,,,,,,,,
"Nouadhibou 5MPC, Algeria-Niger-Morocco",,,,,,,,,,,,,,
"Fomboni 5MPC, Madagascar-Tanzania-Comoros",,,,,,,,,,,,,,
"Amarillo 5MPC, USA",0.1393835357164041,,0.42490802339400585,0.3183989971058532,0.25669297950014097,,,,0.6987140703995522,0.22231589835799864,0.07897003124244907,,,
"Baotou 5MPC, China",,,,,,,,,,,,,,
"Herat (North) 5MPC, Afghanistan",,,,,,,,,,,,,,
"Saint-Denis 5MPC, Madagascar-France",,,,,,,,,,,,,,
"Damascus 5MPC, Syria-Lebanon",,,,,,,,,,,,,,
"N'Djamena 5MPC, Nigeria-Chad-Cameroon",,,,,,,,,,,,,,
"Las Vegas 5MPC, USA",0.1460080518162984,,0.4206534776984339,0.3084746161026528,0.27087190619891327,,,,0.70294545368329,0.20735008012123424,0.08970446619547583,,,
"Newcastle 5MPC, Indonesia-Australia-Solomon Islands",,,,,,,,,,,,,,
"Mary 5MPC, Turkmenistan-Iran-Afghanistan",,,,,,,,,,,,,,
"Guarenas 5MPC, Venezuela",,,,,,,,,,,,,,
"San Juan 5MPC, Argentina",,,,,,,,,,,,,,
"Aitkenvale 5MPC, Australia-Indonesia-East Timor",,,,,,,,,,,,,,
"Adelaide 5MPC, Australia",,,,,,,,,,,,,,
